"t_s","disp_lp1_units","disp_lp2_units","disp_lp3_units","disp_lp4_units","disp_lp5_units","disp_lp6_units"
0,0.13428170919621418,0.005439035175189057,0.000039266759576804564,2.2042580682114304e-7,-6.132608834334721e-10,-9.267905489986861e-14
0.013377926421404682,0.13639076205649822,0.005864434339843305,0.00005953947135543979,-0.0000012156716632527219,-2.0233971694671493e-7,2.569142599271784e-9
0.026755852842809364,0.1428128478086394,0.007166935281353564,0.00011172375826691837,-0.000001996679472307691,-2.199656272586931e-7,-5.558362854273102e-9
0.04013377926421405,0.15364065475105446,0.009430051674969662,0.00017930667600563353,0.0000014812988968534286,6.265920791072066e-7,-1.8294102561725994e-8
0.05351170568561873,0.16845890499390748,0.012787868914967004,0.0002602481874411565,0.000003776540191549787,0.0000013095086345015402,2.502455033285018e-8
0.06688963210702341,0.1859818919811782,0.01741502914565233,0.00038590223100115053,-0.0000024764853518812122,-1.8599136326457162e-7,1.072055024453823e-7
0.0802675585284281,0.2042708566232675,0.02353470013698022,0.0006251631424974845,-0.000010688210748781451,-0.0000033463869110910276,3.528902462112902e-8
0.09364548494983277,0.22149522598482196,0.0314477358447423,0.00106794865972752,-9.722966228223035e-8,-0.000003459837117508003,-3.083525112491966e-7
0.10702341137123746,0.23650249925662345,0.04151676356078387,0.0017920373573689803,0.000040554091659347076,0.0000032473247963846766,-5.236069546455408e-7
0.12040133779264214,0.2484318194683209,0.05402067022619904,0.0028368850407224184,0.0000933142658483586,0.000011745537911373904,1.2276657735876952e-7
0.13377926421404682,0.255812781804228,0.0689314216487522,0.004217110808065387,0.00012506864125025135,0.0000097878111934172,0.0000015418372984576597
0.14715719063545152,0.2564769080458595,0.08581192793624456,0.005980196074350372,0.00012551140400505274,-0.000008075757294879042,0.0000019718776571783045
0.1605351170568562,0.2487822035438228,0.103965578710324,0.008260798755633977,0.0001289194727139236,-0.000029924984214739774,-5.82581476487895e-7
0.17391304347826086,0.2328322352140858,0.12269114982224508,0.011282029205732912,0.000197864688409809,-0.000034634545046373805,-0.000005060907679250498
0.18729096989966554,0.21013050432015076,0.14136584102173505,0.015314929925052442,0.0003873583979782878,-0.000010761861116337007,-0.000006171382505538517
0.20066889632107024,0.18200681864189944,0.15928200436344336,0.02065159432556893,0.0007262584475670297,0.00003618937097588185,9.689643847401926e-7
0.2140468227424749,0.14885951477488016,0.1754863363765608,0.02759906958946184,0.0012268151022823157,0.00009112895481148583,0.000013411275426668559
0.22742474916387959,0.11121817462922973,0.1888607855214301,0.036429804831708816,0.0019011848408916,0.00013310975540518666,0.000019147045594757426
0.2408026755852843,0.07112760921382716,0.1983662713850979,0.047250210994759116,0.0027646883956243084,0.00013109063784568024,0.000007343350138553903
0.25418060200668896,0.03178222874317116,0.2031714265111873,0.05987445097717008,0.003840372774546469,0.00005790292114362004,-0.00001819155866370759
0.26755852842809363,-0.004356563873681948,0.20260337824728933,0.0738458886797557,0.005194893403172676,-0.00006527085308614775,-0.00003749541849284348
0.2809364548494983,-0.03666111136944773,0.1961498256282025,0.08863379512731766,0.0069992799453700355,-0.00013776285122855955,-0.00003004984288379094
0.29431438127090304,-0.06539982972961114,0.18366882217525962,0.10383537866017514,0.009552898446120643,-0.00002271353858936605,0.000006870688334317982
0.3076923076923077,-0.09013739612731884,0.16561546715681294,0.11917337692644796,0.013215432416992887,0.00034544054246964887,0.00005538064539979252
0.3210702341137124,-0.10954219402929438,0.1429827786970522,0.13425405744104124,0.01827229610304664,0.0008865866103206933,0.00009167734684674655
0.33444816053511706,-0.12261024494913622,0.11697489077482022,0.14830654067667606,0.02483791966525045,0.0014191603540596918,0.00010167582725294219
0.34782608695652173,-0.12962550686636445,0.0887334752700097,0.16017757384123618,0.03287604104533727,0.0017998036340964641,0.0000848258576371449
0.3612040133779264,-0.1318581401377168,0.05933879112121448,0.16865489396711553,0.04231125354786517,0.002051675540445305,0.00005040166081566561
0.3745819397993311,-0.13072931433990054,0.029945357188573617,0.1728773953900682,0.05311807372167876,0.0023968465859436562,0.00001747350280486915
0.3879598662207358,-0.127355537035323,0.0017940440596782346,0.17250347876203437,0.06529801509881693,0.003188363417860517,0.0000174216221689237
0.4013377926421405,-0.12243030464399808,-0.023961733259433387,0.16752679225151879,0.07874709683295086,0.00478264076990549,0.00008832769259943646
0.41471571906354515,-0.11612237835259805,-0.04646137013896474,0.1579850693965875,0.09310652529115003,0.007409453754326168,0.00025913180670372976
0.4280936454849498,-0.10831891856607677,-0.06523623971456599,0.1438979079985764,0.10770554540441603,0.011115332582064432,0.0005351693134025838
0.4414715719063545,-0.09942448890138418,-0.08016963758308648,0.12551727298437587,0.12165597323809137,0.01585091689367081,0.0008960035836936968
0.45484949832775917,-0.09081754743977004,-0.09134389168931367,0.10361319847014136,0.13405039343990524,0.021663939302124284,0.0013065107614881808
0.4682274247491639,-0.0839865025308281,-0.0988501452683679,0.0794663609105527,0.14412945253645446,0.028820855210992456,0.0017407488599663827
0.4816053511705686,-0.079038154583895,-0.10272349233112503,0.05451476127946047,0.1512989341738946,0.03768875917850367,0.0022192943795815196
0.49498327759197325,-0.07456244186564603,-0.10312399236513041,0.02993328804312211,0.1550223906197069,0.04843518324104139,0.0028440177884025628
0.5083612040133779,-0.06933699435704986,-0.10061441997472574,0.006458090835964586,0.15475595044058402,0.06081526581812132,0.0037952788552930643
0.5217391304347826,-0.06388542952456654,-0.09617952595716044,-0.015456972040304625,0.15006291353946494,0.07424947459421762,0.005276843259674225
0.5351170568561873,-0.05978575038700282,-0.09082763827090007,-0.03533605626867766,0.14084696763512644,0.08808946212596462,0.007456078118671149
0.5484949832775919,-0.057541574105939124,-0.0851053534190841,-0.05250249925157159,0.1274869357408552,0.10178064815073025,0.010469659551223096
0.5618729096989966,-0.05573863753923276,-0.07903077053455969,-0.06619566579282331,0.11072730881925731,0.114779966386713,0.014494731699010251
0.5752508361204013,-0.05264320325159728,-0.07254473583279743,-0.0759277201393437,0.09141258766730616,0.12638664028544877,0.019785090758147945
0.5886287625418061,-0.048177071760659294,-0.06598909923800711,-0.08181137017630631,0.07029962062861334,0.13572723566639747,0.02658654616536813
0.6020066889632107,-0.04380134887328119,-0.060077050175556174,-0.08456249339336343,0.04808967838817425,0.141937203724095,0.03498180829022601
0.6153846153846154,-0.04055005009992155,-0.05537157317703034,-0.08511146498240835,0.025598670505526736,0.14437257419047586,0.044821643615653786
0.6287625418060201,-0.03780584056281368,-0.05184626414023072,-0.08411261212641816,0.0038478576858423062,0.14270685558308926,0.05581432539970289
0.6421404682274248,-0.034269562131857084,-0.048994460707682305,-0.08175655655617703,-0.016065677976201436,0.13692021929655535,0.06766536846114139
0.6555183946488294,-0.02973577047396809,-0.04634428542575559,-0.07803761181778605,-0.033257653834732545,0.1272519975971715,0.08009476560109113
0.6688963210702341,-0.025373865640589615,-0.04379684183523497,-0.07318658240557926,-0.04728790704705898,0.11413486589965771,0.09271157691350711
0.6822742474916388,-0.022290329567466398,-0.04146612735533406,-0.06783405814059106,-0.05816068777391192,0.09811154371868226,0.10489567135699578
0.6956521739130435,-0.020316461842973022,-0.03930263638748422,-0.06273257015797794,-0.06611363395137666,0.07979167374924233,0.1158314549216936
0.7090301003344481,-0.018519147569257852,-0.03702585458669038,-0.05831693824437503,-0.07139652854067649,0.05989817884832723,0.12466551200364054
0.7224080267558528,-0.016632647353934413,-0.03445502504714509,-0.05451686936063113,-0.07420953358106687,0.03933058116677628,0.13065616798485022
0.7357859531772575,-0.015471564336278538,-0.031789347776318255,-0.050978131243499564,-0.07478481864668685,0.01910214030581386,0.1332387012041344
0.7491638795986622,-0.01581482264104377,-0.029428945841761985,-0.04743616916721851,-0.07345226385498,0.00013953525752465667,0.13204630470143125
0.7625418060200669,-0.017247508451117197,-0.027521488586495835,-0.043888527734291666,-0.07060744746551176,-0.01688731035027361,0.12693857022312283
0.7759197324414716,-0.018506368556457757,-0.025791865663855315,-0.04046401713233378,-0.06665875039202482,-0.03155763065702907,0.11802796673337652
0.7892976588628763,-0.018899246219560295,-0.023869667259952498,-0.03722328289737798,-0.06205057780186827,-0.04358799173232008,0.10567298538974607
0.802675585284281,-0.019023692019567297,-0.02171422631135406,-0.03413760861392432,-0.05730432022801998,-0.05279740450317373,0.09044837068431975
0.8160535117056856,-0.019878157509231706,-0.01963944518605291,-0.03122741045984249,-0.052932519359519675,-0.05918946788810485,0.07311399814359762
0.8294314381270903,-0.021495847744948744,-0.017967542564081857,-0.028620052379560064,-0.04922656461428253,-0.06300313560980116,0.05455910507587509
0.842809364548495,-0.02273713230672901,-0.016763361417327188,-0.026412898960060743,-0.046123257297510836,-0.06463624256645474,0.0356893066064582
0.8561872909698997,-0.022450707480523763,-0.015914311316749495,-0.024509597543575967,-0.0433310749260917,-0.06453166723901091,0.017295880342655653
0.8695652173913043,-0.020595408727781234,-0.015339679349106135,-0.022676284452497593,-0.040620059239469694,-0.06314830123903209,3.6538299463427104e-7
0.882943143812709,-0.018157402847653138,-0.01502388045964437,-0.020798447046419057,-0.03798988475922031,-0.060961798074713504,-0.015710178714615768
0.8963210702341137,-0.01613551668188178,-0.014896755670451702,-0.019056613850906037,-0.03556202383967627,-0.05836738684122195,-0.029458905129605275
0.9096989966555183,-0.014791134735777683,-0.014814001733095604,-0.01779536078987405,-0.03335683327247725,-0.05553653732414871,-0.04105783603007715
0.9230769230769231,-0.013759045373906468,-0.01468994260794667,-0.01719960426572472,-0.031225456958225605,-0.052440639095476214,-0.050625657226279534
0.9364548494983278,-0.012629743347677651,-0.014573359611513632,-0.01709630913716796,-0.029004942239218557,-0.04909420669729545,-0.05859364439272819
0.9498327759197325,-0.011311304275431821,-0.014527607672920507,-0.01707131618585822,-0.026698130997410124,-0.0457500358186683,-0.06555233717085607
0.9632107023411371,-0.009990454278433985,-0.014479516608263826,-0.016769840348935694,-0.024474320161414063,-0.0427829900503655,-0.07206412898512785
0.9765886287625418,-0.008932383044754475,-0.014262985137817397,-0.01610706332056695,-0.022506525215907815,-0.04036990392366456,-0.07857887357952678
0.9899665551839465,-0.008346164517896628,-0.013820823305444034,-0.015235773216500176,-0.020839388346037824,-0.03835479730646876,-0.08545235490787927
1.0033444816053512,-0.008312222139000859,-0.013301177141881086,-0.014363748670258067,-0.019411122462998694,-0.036461981078367976,-0.09297000617471933
1.0167224080267558,-0.00871524228337439,-0.012910322441965966,-0.013611562571707855,-0.01816665927744779,-0.034609665579342676,-0.10133141051604364
1.0301003344481605,-0.00922513481353388,-0.012683274833922679,-0.013012968646151377,-0.01711597381527194,-0.03299623543387416,-0.11062242051298518
1.0434782608695652,-0.009425446523542217,-0.012429948629814763,-0.012585067738304092,-0.016291951176603276,-0.03197315672849753,-0.12077544369003758
1.0568561872909699,-0.009083339852326565,-0.011910002760661955,-0.012344559651938926,-0.015681312187463423,-0.03193632249121154,-0.1314772949440667
1.0702341137123745,-0.008361065689300682,-0.011048829920376578,-0.012250412182039665,-0.015210974294616087,-0.033311442108768234,-0.14206481944480454
1.0836120401337792,-0.0077207903192983126,-0.009991837143897704,-0.012185307292442452,-0.014788890856824707,-0.03647698491821102,-0.1515665292552214
1.0969899665551839,-0.007522193304908776,-0.008977741715511354,-0.01205176210243092,-0.01435552290282221,-0.041584793411259195,-0.15897725295588955
1.1103678929765886,-0.007678924263723532,-0.008174162002834258,-0.011888741957068738,-0.013924944459845014,-0.04850257355259632,-0.16359632874621388
1.1237458193979932,-0.007764102526892041,-0.00761692395746229,-0.01183909113266676,-0.013617495083685061,-0.05703091792460222,-0.16512784820838391
1.137123745819398,-0.007494674837528658,-0.007269865172140299,-0.011966284085726262,-0.013663034421311535,-0.0671601607782269,-0.16346781586430226
1.1505016722408026,-0.007069047867323668,-0.007115526594289621,-0.012134689169799862,-0.014344092248697062,-0.07899110842745798,-0.15845174211687163
1.1638795986622072,-0.00697465167267691,-0.007177190989239874,-0.012124972286612022,-0.015904551037718814,-0.09235075922234992,-0.1498833687830582
1.1772575250836121,-0.0074891463221736215,-0.007452307738012161,-0.011866668531865491,-0.01850747843399634,-0.10654772879811027,-0.13781818619721217
1.1906354515050168,-0.008431151782556672,-0.007830187548454695,-0.011504087202221704,-0.022295333213548846,-0.12056337790761455,-0.12276464015585484
1.2040133779264215,-0.009385457308913417,-0.008104598718826475,-0.011215580987352031,-0.027493801732446897,-0.13341757813224261,-0.10556201307724104
1.2173913043478262,-0.010088815107511842,-0.008119116220656088,-0.011024260110275972,-0.0344453872748774,-0.14429067785735938,-0.08707080676197561
1.2307692307692308,-0.010549743914125914,-0.00794187420594851,-0.010847197440338106,-0.04351689095012347,-0.15239322780626388,-0.06799014570160572
1.2441471571906355,-0.010830329545280916,-0.007879858481520126,-0.010700010407139804,-0.05493089280863645,-0.15695901011143126,-0.048916715708421044
1.2575250836120402,-0.01077572694328711,-0.008259815380359806,-0.010764977651446893,-0.06860387071974257,-0.15749311539788546,-0.03047129004354702
1.2709030100334449,-0.010017678077831063,-0.009143329524190271,-0.01122826702079992,-0.0840500844142063,-0.15395414900015594,-0.01330142994912375
1.2842809364548495,-0.00832551367579843,-0.010263910986319312,-0.012148978002593926,-0.10039688048051695,-0.14658416625880338,0.00202369892415535
1.2976588628762542,-0.006022079367996232,-0.011260114072788858,-0.013617356321028394,-0.11654991068675344,-0.13562404533054528,0.015092198751708315
1.3110367892976589,-0.003997470606539552,-0.01195782869479102,-0.01608189862344134,-0.13147140633898852,-0.12134423963024221,0.02566395055881364
1.3244147157190636,-0.0031268662420254178,-0.01238961127842745,-0.020428516647799936,-0.14440083487659564,-0.10435326268751181,0.03369655103971041
1.3377926421404682,-0.0035508155446154497,-0.012568977702579394,-0.02761974313320044,-0.15484120391072395,-0.08567747365618764,0.039395956554832905
1.351170568561873,-0.004588767785941154,-0.012333060745312641,-0.038172990346653536,-0.16233048000840603,-0.06637252170499222,0.04318019544187368
1.3645484949832776,-0.00548503419602585,-0.011476613024690406,-0.051956261773353364,-0.1662662129712274,-0.04710344454434974,0.04548105659957753
1.3779264214046822,-0.006195807076221068,-0.010021379118970383,-0.06842281415767608,-0.1660235715418025,-0.028219254692382623,0.046511292012156896
1.391304347826087,-0.007290992489284914,-0.008330258980654506,-0.08695693947600408,-0.1612982723921971,-0.010194386089070796,0.046224619585347085
1.4046822742474916,-0.009053788840642108,-0.0070168590893609694,-0.10692743180975324,-0.15232369293881595,0.0062082235175553654,0.04454172243531166
1.4180602006688963,-0.01086814986011287,-0.0068623282007086025,-0.12745216426315295,-0.13973220257643465,0.020293400011245355,0.04164557772645238
1.431438127090301,-0.011647065427714978,-0.00883781530398257,-0.14723461061117904,-0.12421548750464423,0.03182894118861435,0.03807580443293302
1.4448160535117056,-0.010800618966670604,-0.014049831515075278,-0.1647745372679171,-0.10636199348341645,0.040939734901535574,0.03452814946776879
1.4581939799331103,-0.00863067739529901,-0.023433890385849282,-0.17882109862512224,-0.08680262187886331,0.04769195236104123,0.03152558904435874
1.471571906354515,-0.00582965430433981,-0.037355672720218926,-0.18866311663239915,-0.06640443521390813,0.05197702146689076,0.029207281427555798
1.4849498327759196,-0.002858188074656515,-0.05548757140566646,-0.19399834350518494,-0.04618131355334877,0.053867487496105336,0.027373555872183247
1.4983277591973243,-0.0000052199582194053,-0.07706750690912803,-0.19456823620250496,-0.026966630944866798,0.05390998071150262,0.02572114536649018
1.5117056856187292,0.002043444635720062,-0.10124306606555988,-0.18996893148663974,-0.009207188008102603,0.0528980141022351,0.02408633397193793
1.5250836120401339,0.001981427829630791,-0.1271316937565087,-0.17986873156605532,0.006891401574879463,0.05136120848471853,0.022521167903537743
1.5384615384615385,-0.0015966653089250985,-0.15359555252634385,-0.1644283864065376,0.021082348785629434,0.04937831642602215,0.02117245861261008
1.5518394648829432,-0.0094630030772807,-0.1790560842876386,-0.14452022168213688,0.033020646820005585,0.04686077339183765,0.020089492709145604
1.565217391304348,-0.021634486208859275,-0.2016293750077858,-0.1215241901731855,0.04248525312140004,0.04388347818280604,0.019142044575494257
1.5785953177257526,-0.037951640778061194,-0.21951985684195782,-0.09688760720330407,0.04955162812709685,0.04069478757375744,0.01811224783469299
1.5919732441471572,-0.05861583289835853,-0.23139071514281292,-0.07181143081366753,0.054474649483261035,0.03753991077447199,0.016854497347078157
1.605351170568562,-0.08394704714193184,-0.23649409581647204,-0.047248888088064656,0.05744564301672178,0.034599468240454734,0.015366646784509965
1.6187290969899666,-0.11355391162139834,-0.23458873698584215,-0.024053805781626622,0.05857210249545006,0.03203246579496842,0.013737318563780031
1.6321070234113713,-0.1458506315030599,-0.22581879484445327,-0.003015303579198447,0.0581060742919085,0.029909198438837284,0.012067561092932775
1.645484949832776,-0.17855972308463078,-0.21068766800523464,0.015280723178369409,0.056580150542545476,0.02805813510563125,0.010452143401492461
1.6588628762541806,-0.20972003379984516,-0.19010175563384796,0.03056893181686625,0.05459537197800653,0.026112546584153865,0.008984112063977007
1.6722408026755853,-0.2381538195550361,-0.1653555167190295,0.04284258172564452,0.05246401883093772,0.0238246404803777,0.007709312935516389
1.68561872909699,-0.26297255533548064,-0.1379703576122051,0.05219422781868357,0.0501190276687557,0.02131525887715479,0.006564414993648763
1.6989966555183946,-0.2828493306785074,-0.10944588451825814,0.05876618653189887,0.04738723109088783,0.01894106431119252,0.005421895015114967
1.7123745819397993,-0.2959935691469563,-0.08107343024888126,0.06283576447928889,0.04428688131286782,0.016933103156954843,0.0042594528049168115
1.725752508361204,-0.30090186668940966,-0.053908706952919036,0.06484466885921035,0.04101556226649601,0.015214577824681115,0.003280509501336287
1.7391304347826086,-0.2970671039664716,-0.02884835790950852,0.06523541753483389,0.03770691086052377,0.013537728769852505,0.0027964464544277747
1.7525083612040133,-0.28501156199281313,-0.006666319853829321,0.06424316502854033,0.03430753513591827,0.011699499092542321,0.002937791467541585
1.765886287625418,-0.26580397865789257,0.01207550684514964,0.06190447277345628,0.030732638737356485,0.009639478724797644,0.0034880784833712414
1.7792642140468227,-0.24065685054082575,0.027178607716798486,0.05831166837157444,0.027081547806567203,0.007486930757646962,0.004044696931056736
1.7926421404682273,-0.21086034967150608,0.03886902064529204,0.053830521615536184,0.02362796158747414,0.005615711774677886,0.004348246896101512
1.806020066889632,-0.17788383585316772,0.04767391171188435,0.04902185438937596,0.020585970589222,0.004527086205880706,0.00443539816817468
1.8193979933110367,-0.14342408592392974,0.05417392736008092,0.04434201116002962,0.017923297704005678,0.0044453377540775735,0.004472350367701141
1.8327759197324414,-0.10936169893357528,0.0587948812726054,0.039947368061170975,0.015419306630729823,0.00496888974057004,0.00450491733057798
1.8461538461538463,-0.07762045882645402,0.06175572307060778,0.03579233199950875,0.012893404301255934,0.005282247636974222,0.004426258266418736
1.859531772575251,-0.04990048416741634,0.06315258325044482,0.031873710419830434,0.010367954552509646,0.004883327073850673,0.004166915288766625
1.8729096989966556,-0.027379785324556587,0.06306965750548231,0.02832808671731681,0.008036297913264665,0.004083083224560033,0.0038192445170038797
1.8862876254180603,-0.010607036980954672,0.06164456681554253,0.025286835318904327,0.0061010152137259,0.0036883983828259275,0.0035158206239076463
1.899665551839465,0.0003276791542575428,0.059084432604266206,0.022680192323719758,0.004643078235129215,0.004181432098303892,0.00322413302057431
1.9130434782608696,0.005567546383895854,0.05564017845270859,0.020236437435416272,0.003617097617124002,0.005292824490016304,0.002751177281373012
1.9264214046822743,0.005474348977588193,0.051521449576562,0.017696276963706466,0.0029466404570173957,0.006354050968592357,0.001982369373635985
1.939799331103679,0.000804745413641072,0.04677475076388196,0.015018440765737221,0.002612291285269967,0.006914459174491768,0.0010652651447058338
1.9531772575250836,-0.007200302079398395,0.04123045195150308,0.01236008941046999,0.002641678791212482,0.006918382698742537,0.00030221498976941945
1.9665551839464883,-0.016970271993574832,0.03460857371860478,0.009868399541678986,0.003010595778905716,0.006422014040170248,-0.00012819103597775972
1.979933110367893,-0.026872499224811525,0.02672536897817669,0.0075345551509871985,0.0035664289320573852,0.005374585310141192,-0.0002965055617031958
1.9933110367892977,-0.03536587736545117,0.0176170581898448,0.0052841784073831095,0.004078499896335634,0.0037471157962204083,-0.00037690142151120085
2.0066889632107023,-0.04100936481494749,0.007477022538409333,0.0031835480319033775,0.004384067020543233,0.0017288945518591746,-0.0004446419984501055
2.020066889632107,-0.04247622315482639,-0.003501856230159447,0.0014764538056796126,0.004472642561455181,-0.0003449722330645045,-0.00046983579681206803
2.0334448160535117,-0.03868693950877449,-0.015191956064262015,0.00035539440473648476,0.0043978652836031175,-0.0022249145779843606,-0.00046954124003186024
2.0468227424749164,-0.028991149461205214,-0.027435651823756808,-0.00029801968347683536,0.00410378091846454,-0.0038100686933496926,-0.0005695523036360367
2.060200668896321,-0.013248372069472302,-0.03988907447864351,-0.0009024545669103003,0.0033727947505159538,-0.005004394686260258,-0.0008592331625138843
2.0735785953177257,0.008234790492467947,-0.05195208889488361,-0.001909300064638408,0.0019819590382722007,-0.005650088190527539,-0.0012266790134716915
2.0869565217391304,0.03479947363495013,-0.0628352786085338,-0.0035984544110793538,-0.00008533769103774826,-0.005667851527984893,-0.001413546950649316
2.100334448160535,0.06544457945310594,-0.07171350240675615,-0.006168828001566158,-0.0025945585574387955,-0.005195417226332384,-0.0012735731839864622
2.1137123745819397,0.09878802270034229,-0.07786828269339292,-0.009950618213335866,-0.00521322132570833,-0.004506303662123821,-0.000952786431322094
2.1270903010033444,0.1331258276239696,-0.08074186949809473,-0.015377037964849438,-0.007675332014353155,-0.003820598400252955,-0.0007842942367505962
2.140468227424749,0.166652568166693,-0.07988448849147521,-0.022634745420691542,-0.00979707260471807,-0.003248676333753242,-0.0009901583570222673
2.1538461538461537,0.19772562399475746,-0.07486924674429347,-0.03136062654541459,-0.0114089185448717,-0.0028735797462027023,-0.0014904154637500962
2.1672240802675584,0.22502166747241548,-0.06529456712567534,-0.04076914942033625,-0.012386198257066158,-0.0027726449938119653,-0.001989053451407806
2.180602006688963,0.24756498945733657,-0.05093029304437316,-0.05013905372931886,-0.012810140384940575,-0.0029331976820233673,-0.0022346816440698383
2.1939799331103678,0.2647113874882549,-0.0319196511676168,-0.05914421130937293,-0.013067714978062368,-0.003247051239080585,-0.002202163270709838
2.2073578595317724,0.27612117816430976,-0.008876768006772949,-0.06766456847283855,-0.013718801921086989,-0.00365534988869411,-0.0020626746660098545
2.220735785953177,0.2816993444844689,0.017204483189315566,-0.07527444622050658,-0.015209910393986328,-0.004232147181852302,-0.0020154546726142376
2.234113712374582,0.2815401247646656,0.045159653831520395,-0.08098875549038571,-0.017707148540754076,-0.005025293564189256,-0.002156132102977859
2.2474916387959865,0.2759546970317341,0.07382971206250252,-0.08356364281755735,-0.021192565386007188,-0.005859365479984263,-0.002467266790081115
2.260869565217391,0.2655422749883491,0.10210919344117113,-0.08206779073148572,-0.025682874087060555,-0.006440735638765877,-0.0028827600776110654
2.274247491638796,0.25114584043411997,0.12889806166985002,-0.0761710501910682,-0.03129566379665968,-0.006720634171030399,-0.003333431534745372
2.2876254180602005,0.23366828981911728,0.15307767463368555,-0.06596720656674171,-0.03807481273450024,-0.0070564259235885995,-0.0037579650305199904
2.301003344481605,0.21395247462318379,0.1736034264525283,-0.051654249822997746,-0.045749672588333345,-0.00792241365398967,-0.00413132562698381
2.31438127090301,0.19287786734424886,0.18968939547843047,-0.033496932010982305,-0.05367587803187688,-0.009512583974048335,-0.004525014041246315
2.3277591973244145,0.17148425634089112,0.20095051451841742,-0.012075515816347861,-0.06100968355956883,-0.011735548042351024,-0.005115448621073674
2.3411371237458196,0.1508336528593126,0.20738846122743002,0.011547874542769038,-0.06695578736238549,-0.01456511194542324,-0.006059936749554444
2.3545150501672243,0.13166975202077294,0.20924109692401038,0.03603599767292087,-0.07089596823609629,-0.018221660234469632,-0.007306951285387727
2.367892976588629,0.11427470665479056,0.20683592794178204,0.06020342081196713,-0.0723677470527224,-0.022917644464544883,-0.008541865563804017
2.3812709030100336,0.09869197098955478,0.20055702514067608,0.08327248213992197,-0.0710016807541752,-0.028531409167480044,-0.009381471643258898
2.3946488294314383,0.0849921682118969,0.19091148642758468,0.10475455801466223,-0.06651657776091421,-0.03468425976198737,-0.009676820164420901
2.408026755852843,0.07321030592458092,0.17859192120839343,0.1241593550033944,-0.05875582157728293,-0.04110158198217154,-0.009636047264359245
2.4214046822742477,0.06308670842223098,0.16445677276662826,0.1408651153352066,-0.04769574855639891,-0.047724896744147594,-0.009652622997037135
2.4347826086956523,0.05405743406657506,0.1494137996992982,0.1542677545893385,-0.033420373554542436,-0.05438277328583827,-0.010026692001186457
2.448160535117057,0.04560575899814866,0.13424657073617088,0.16401044387436414,-0.01613750423080738,-0.06048077491056446,-0.010867240827808508
2.4615384615384617,0.03758779662201191,0.11946290517447343,0.1700498272429567,0.003724336178287972,-0.06515865171364102,-0.012225808291318358
2.4749163879598663,0.03017112604360843,0.1052711143382586,0.17252153152793123,0.025417215621740714,-0.06774231028066971,-0.014252343931996996
2.488294314381271,0.02350903310267355,0.0917274140001026,0.17159337761683519,0.04790860023269839,-0.06792134607358617,-0.01717110492040061
2.5016722408026757,0.017524408953502362,0.07894956268980123,0.16747129366462837,0.07007958426661627,-0.06550262310604009,-0.02112605224265119
2.5150501672240804,0.011969063613000066,0.06720096105513602,0.16052223020929232,0.09096125325037106,-0.06016636527837591,-0.02608768301769479
2.528428093645485,0.006624718469516821,0.056757012617490395,0.15132680537975635,0.10983885445378873,-0.05161082924657665,-0.03189529435043684
2.5418060200668897,0.0014839710818465646,0.04769009864779477,0.14056808158822331,0.1261859492153072,-0.03987123851186591,-0.03831381956665838
2.5551839464882944,-0.0031679106772327503,0.039796154616890414,0.12886455524308132,0.13954256346186356,-0.02535302055788105,-0.04499307616631627
2.568561872909699,-0.006841147922997651,0.03273959298141305,0.11672486862116072,0.14948332891034385,-0.00854519095658474,-0.05139435833784776
2.5819397993311037,-0.009116591281183858,0.026276407829194676,0.10462590006961263,0.15569954184894608,0.010146224609744087,-0.05682782366886926
2.5953177257525084,-0.009926230455073019,0.020369484476824618,0.09303699255988142,0.15810196680078956,0.030188639156587007,-0.06060885399396929
2.608695652173913,-0.009554536001649036,0.015135462799353384,0.08227012724355386,0.15684456945632835,0.05065493697499141,-0.062177266832412946
2.6220735785953178,-0.008347984703380093,0.010707118598744732,0.07230029834792252,0.15227354042296665,0.07034712216170483,-0.06107238341310017
2.6354515050167224,-0.0064608769646584945,0.007124098766732989,0.06281580408020043,0.14487845281995831,0.08826838746303743,-0.05684979962400874
2.648829431438127,-0.003930337625096395,0.004319156287403207,0.05354463144526894,0.13529020150821042,0.10393408857539312,-0.0491192332631162
2.6622073578595318,-0.0009438019764283536,0.002194761271273358,0.044566369612409285,0.12427306191830101,0.11721344393687992,-0.037738006729436335
2.6755852842809364,0.002056843528005609,0.0007251218677216493,0.036287327242059624,0.11263484537349039,0.1279354765096114,-0.023003455858792595
2.688963210702341,0.00455798725937071,-0.000017105072043887593,0.029087094304340953,0.10106906637061676,0.13571743553160712,-0.005656185190612863
2.702341137123746,0.006211771334882697,0.00004198078988119574,0.02299889035204686,0.09004459370104152,0.14014696761487344,0.013323118590917397
2.7157190635451505,0.006914075557225456,0.0008224906937789428,0.017741313208308677,0.07982572539418363,0.14109241751485768,0.032978166269447697
2.729096989966555,0.006760019370746643,0.0020224196211722396,0.0130513506195385,0.07056319496809438,0.1388745804573445,0.052526747178754565
2.74247491638796,0.00600899541679852,0.003213009719690225,0.0089590524272359,0.06231724898148341,0.13422202175157183,0.07133471903410532
2.7558528428093645,0.005038204616653908,0.00403001845074175,0.005740026817095321,0.05498304104810156,0.1280400456119033,0.08878464692826377
2.769230769230769,0.004197913698507609,0.0043114236986561616,0.0036217128605812005,0.04825788443621667,0.12108078548884979,0.10418661610528401
2.782608695652174,0.0036414848265659766,0.0040979526707723484,0.0025567991843934955,0.041789207948825215,0.11370950816971676,0.11684609340387929
2.7959866220735785,0.0033146483960010873,0.0035348494380969386,0.0022616530119377106,0.0354334190646223,0.10597898874512238,0.12627783997738337
2.809364548494983,0.003133490135457283,0.0027737011099242892,0.0024373725648365713,0.029379997568729475,0.09796942370528831,0.13241401580784007
2.822742474916388,0.003135052694496323,0.0019372972708901755,0.0029253422121148513,0.023994594255540267,0.0900132074258638,0.13563112836655922
2.8361204013377925,0.003419668103284667,0.0011418274702498445,0.0036667800083431488,0.019520232326188585,0.08251212785149772,0.13656610053917556
2.849498327759197,0.003971501590044636,0.0005339680650794124,0.0045542350267758595,0.015928862271854465,0.07554673603257403,0.13587130876880063
2.862876254180602,0.004604253753737649,0.00030068344791319633,0.005364813656614612,0.013051087855231172,0.06879800807393686,0.1340924967738348
2.8762541806020065,0.005100163639142218,0.0006298727833156151,0.005847529941548363,0.01081987765806291,0.061927768978246533,0.13169591041864293
2.8896321070234112,0.005356994493337271,0.001626209050844958,0.005870499845978664,0.009365063100836483,0.0549682749772357,0.12911911335483672
2.903010033444816,0.005353787606515663,0.003224126118875007,0.005482423481004553,0.00887554329153131,0.04822822328006661,0.12673183797187698
2.9163879598662206,0.00500774040114303,0.00516347002551705,0.004852703903928002,0.009381808791660735,0.04187169779212018,0.12474062254438564
2.9297658862876252,0.004155176353115475,0.007072891283044397,0.004171085460989414,0.010656316145763416,0.035774126202561166,0.12314525159356832
2.94314381270903,0.0027385653875268115,0.008625252660767635,0.0036021070528701165,0.012285043091760523,0.02989934308304148,0.1217790588931659
2.9565217391304346,0.001000647269453731,0.00965758273327368,0.0033017098795744553,0.013814939492407535,0.02471372991605901,0.12035796923342998
2.9698996655518393,-0.0005537326355588891,0.010164693870742826,0.003437628686892159,0.014870255823740621,0.02106342030559447,0.11848161617334585
2.983277591973244,-0.0014148342311735519,0.010192499717462486,0.004166742298083492,0.015208355484062656,0.01961207354983336,0.11563703851740471
2.9966555183946486,-0.0013006753526421748,0.009754713116536242,0.005583568272112855,0.014745630069752819,0.020478093383047697,0.11128309160505045
3.0100334448160537,-0.00018893200590906168,0.008859624839020348,0.007682433126923812,0.013573788887322682,0.023414876600566514,0.1049887663797567
3.0234113712374584,0.0017857730809468324,0.00759438144130562,0.010355219316923975,0.011955055769719124,0.0281760616791588,0.09649954843095788
3.036789297658863,0.004404457832468876,0.00614177574786078,0.013409386320084588,0.010279614305232528,0.034557283667321866,0.08567557220785708
3.0501672240802677,0.00736781968064876,0.004695114585988586,0.016583412482909916,0.008993380192950139,0.04213527572483238,0.07240549236531951
3.0635451505016724,0.010316482473662451,0.0033838865319555,0.019556435087948507,0.008528636818564314,0.05016775542707655,0.0566522225842764
3.076923076923077,0.012904190766297449,0.0023291702156106597,0.02197040960611927,0.00926339860051132,0.057852728871296936,0.038626272341649386
3.0903010033444818,0.014859222091132131,0.0017901730946994815,0.023481622178950484,0.011502959110198498,0.06462271159305497,0.018907025759052436
3.1036789297658864,0.01598007310139443,0.002214956218510641,0.02383727104505287,0.015448763082036195,0.07008940182996694,-0.0016516044529842754
3.117056856187291,0.016104924283554374,0.0040673984608677535,0.022949450796666205,0.021136630656724442,0.07375088157532934,-0.02217148159582365
3.130434782608696,0.01511834529494639,0.007517519870092369,0.02093177774575463,0.028380698225014548,0.0748813460876352,-0.041946092732605376
3.1438127090301005,0.013015652182093052,0.012249167807900196,0.018078275230140904,0.03679143943306633,0.07277836358982934,-0.060447431723915396
3.157190635451505,0.010012216084345498,0.01756145526236254,0.01480094435472156,0.04588149565344944,0.06708342548130687,-0.07723087728517727
3.17056856187291,0.006655487098961288,0.022693753259674262,0.011574669751134692,0.05517694525132355,0.05786312783536635,-0.09189812694086127
3.1839464882943145,0.0038146758919613507,0.0271059268690709,0.008934812295705098,0.0642231128639242,0.04546637198117809,-0.10415080377004761
3.197324414715719,0.002417785068071703,0.030501015040842364,0.007508064280233014,0.07248438400912491,0.030391767822350164,-0.11381611502859697
3.210702341137124,0.0030208176099789136,0.03263179431455494,0.007986601516509194,0.07926956703084327,0.013245581063336476,-0.120775161210571
3.2240802675585285,0.005564700594785094,0.03314242250910823,0.01096490803276509,0.08381504178112643,-0.005311329418273216,-0.1248889688447555
3.237458193979933,0.009581327993157657,0.03165085484446398,0.01669181666210706,0.08549101478265608,-0.02466087393049033,-0.1260589391144562
3.250836120401338,0.014633731058122082,0.028024483219453895,0.024921452142464478,0.08395762891991486,-0.04424077820756759,-0.1243885260524194
3.2642140468227425,0.02047261840891614,0.022606880987625654,0.03502471886176659,0.07913994804660061,-0.06341051162812951,-0.12025608701339816
3.277591973244147,0.02672887387194034,0.016204420754928138,0.046301101486297125,0.07108281791990807,-0.08134531405267958,-0.11418960920511728
3.290969899665552,0.03256645708165544,0.009868115264146566,0.05823039427669134,0.05985374225834072,-0.0971606873993537,-0.10666987640387625
3.3043478260869565,0.03681687890356247,0.004655196816931517,0.07043122704244219,0.04558735195750672,-0.11020862340203835,-0.09807292166749686
3.317725752508361,0.038539738563367815,0.0015107748441827071,0.08237117433355813,0.028603546304766327,-0.12025249667433344,-0.08877547787259417
3.331103678929766,0.03745257021243889,0.0012507509709701768,0.09311719961819193,0.009477496024070555,-0.1273609563210311,-0.07923297924462994
3.3444816053511706,0.03385058705429635,0.004540258892848476,0.10139366278621242,-0.01099348068716467,-0.13166460428392732,-0.06988416027980703
3.3578595317725752,0.028241811237804528,0.011794696487566618,0.10593627022734743,-0.031898159201529545,-0.13323723753383324,-0.060989698430578144
3.37123745819398,0.021165504059842587,0.023030233522273787,0.10587807099348327,-0.0523522058558217,-0.13216415502760243,-0.05262502517164901
3.3846153846153846,0.013343194733105213,0.037755837719012725,0.1009020894331143,-0.07163427064805203,-0.12866000833034458,-0.044863275794438114
3.3979933110367893,0.0058807640326651615,0.054992186500966975,0.09112022536085027,-0.08925922644420033,-0.12309704418523786,-0.03792155994608062
3.411371237458194,0.0002052926065229372,0.07342199599989056,0.076862987113015,-0.10493307694284716,-0.1159408863679485,-0.03206655346219041
3.4247491638795986,-0.002299349676346784,0.09159257776001406,0.05858406063962332,-0.11840940700977237,-0.10765077051749551,-0.0273559238513055
3.4381270903010033,-0.0007124922745067343,0.1080693149062773,0.03692170658022559,-0.12937004934454405,-0.09859214359748313,-0.023510832282400005
3.451505016722408,0.005237503332964537,0.12151443718039692,0.012781976515877504,-0.13744574061897769,-0.08901268624763468,-0.02008051198366726
3.4648829431438126,0.015344724760168727,0.13074281709810492,-0.012702377058025823,-0.1423699120770651,-0.07913156352859557,-0.01675563107347407
3.4782608695652173,0.029284385551446572,0.13480677747186623,-0.03834731692842639,-0.1441322666394025,-0.06928608919259588,-0.013532736560033011
3.491638795986622,0.04679974827443041,0.13309198999183935,-0.06309906610103483,-0.1430073903091331,-0.059957344358161815,-0.010606506205299885
3.5050167224080266,0.06749981580966352,0.1253758335280939,-0.08610525166842758,-0.13944414075935152,-0.05156924031408972,-0.008125844941320058
3.5183946488294313,0.09046223503149954,0.11183705025910252,-0.10668439785034955,-0.13390362547277773,-0.04422530097050468,-0.006050499457718497
3.531772575250836,0.11408800554780221,0.09304029591633249,-0.12429993461628,-0.12674605341411177,-0.03768754539578657,-0.004203023095108144
3.5451505016722407,0.13640894787550537,0.06988839212417594,-0.1385997289694028,-0.11821753691719869,-0.031670415446157896,-0.0024287883736995143
3.5585284280936453,0.1555723782244248,0.04350460241649842,-0.14946654046405047,-0.10852887988564297,-0.026148245327514898,-0.0007059806805261613
3.57190635451505,0.17008279877189408,0.015057753179480462,-0.1569804905641519,-0.09796634464159841,-0.021331706429563595,0.0008704351528380155
3.5852842809364547,0.1787295847393709,-0.014376114954609632,-0.1612846890871578,-0.0869511864567857,-0.01734448792139148,0.0021866230576596517
3.5986622073578594,0.18048852922128816,-0.04382839953396677,-0.16246733552048348,-0.07598875331680562,-0.013982340664578213,0.003184421161663822
3.612040133779264,0.17462390452917131,-0.07236392066929506,-0.1605830241686619,-0.06553282394567758,-0.010829085237240297,0.0038519703296173253
3.6254180602006687,0.16088516600835864,-0.09904023261509172,-0.1558052547739423,-0.05586162940450302,-0.007588592628824377,0.004165412656453674
3.6387959866220734,0.13956683876814852,-0.12297956519640482,-0.14855824952739297,-0.04705890696182369,-0.004274887541950242,0.004068880777125176
3.652173913043478,0.11140697403223028,-0.14350457461025412,-0.139472996481722,-0.03910248220747897,-0.0011146111802723393,0.0035299642507393373
3.6655518394648827,0.07749430777288603,-0.1602324111078427,-0.1291743786596849,-0.03197704003316752,0.0016648768321315469,0.002612710645458896
3.678929765886288,0.03927837798532437,-0.17306465507210048,-0.11807843971320843,-0.025714570415829925,0.003939858790158501,0.0014807884044096425
3.6923076923076925,-0.0014343215735592297,-0.18209137718476687,-0.1063863984676486,-0.0203381928639457,0.0056680605025689985,0.0003204096040780311
3.705685618729097,-0.042639543106198746,-0.187466392405157,-0.0942727970517314,-0.01577229284298997,0.0068495768075877055,-0.0007404259469896862
3.719063545150502,-0.08241325069021528,-0.18932105450863942,-0.08207454756517858,-0.011816142034445372,0.007508736233646238,-0.0016442201324180774
3.7324414715719065,-0.11911946711688093,-0.18777294430842265,-0.07028550559209433,-0.008228222393038685,0.007645102609540052,-0.002359644950057421
3.745819397993311,-0.15143508460767777,-0.18303302183042647,-0.05936705008292429,-0.0048705541426425055,0.0071669247964505035,-0.002842156887947523
3.759197324414716,-0.17826294379784494,-0.17552913911401724,-0.0495641195577047,-0.0017990754447394283,0.005921085437577546,-0.003030562801476624
3.7725752508361206,-0.19870338067648133,-0.16591691731544747,-0.0408956620700074,0.0007813411293200161,0.003869815708227593,-0.002861854847270765
3.7859531772575252,-0.21216073033019664,-0.15492637012458219,-0.03329025686932294,0.0026645027645948965,0.0012735336908967475,-0.0022911094627387123
3.79933110367893,-0.21851536986990144,-0.14313373378713015,-0.02670534079727153,0.0037754700172977352,-0.0013266267636596807,-0.0013281456418833483
3.8127090301003346,-0.2182275899734571,-0.1308320455395165,-0.021120343499551546,0.0041894446044480815,-0.003362621337432636,-0.00008279122107313427
3.8260869565217392,-0.21230661588698027,-0.11809272028065454,-0.016461459598769525,0.0040504962671339476,-0.004536495691189246,0.001232929573893504
3.839464882943144,-0.2021621098811739,-0.10495408488448439,-0.01258752988014388,0.0034822375162704925,-0.004930605368566983,0.0023808456619561565
3.8528428093645486,-0.18939324457599616,-0.09156811469509944,-0.009384195425445562,0.0025668464041177902,-0.004865815539375035,0.0032001854955375124
3.8662207357859533,-0.17556686170690508,-0.07819434379071641,-0.006871964749590401,0.001382616810217039,-0.004638357966673656,0.0036442626964163015
3.879598662207358,-0.16204925955988606,-0.06507186012087804,-0.005199171811577716,0.000043370819901413804,-0.0043224248031441094,0.0037255107482601795
3.8929765886287626,-0.14996077237198713,-0.05231034909129326,-0.0044918718296978405,-0.0012966462125195326,-0.0037635460623923287,0.0034518149980702203
3.9063545150501673,-0.1402533308173288,-0.03991040584686111,-0.00467832481720246,-0.002460996885268484,-0.0027534165252893874,0.0028387077266168546
3.919732441471572,-0.13380883841479638,-0.02789867871767229,-0.005443185130909518,-0.0032740714225554675,-0.0012588548713632554,0.0019758897441826497
3.9331103678929766,-0.13142302660094995,-0.01645228294158383,-0.006361776309156569,-0.0035937791224634405,0.0004809339981695486,0.0010469632749557658
3.9464882943143813,-0.13364540668854907,-0.005900587377176567,-0.007095827764483798,-0.0033642886396927987,0.0020794536729487204,0.00025597273767290186
3.959866220735786,-0.14057500632429795,0.003389396010899925,-0.007478732217958695,-0.0026666855163786714,0.0032558769188717387,-0.0002761384421908258
3.9732441471571907,-0.15175763541082946,0.011120247726812593,-0.0074283298036036715,-0.0017169514587366116,0.003994080240573616,-0.0005486174352539888
3.9866220735785953,-0.16626138441422553,0.017044512555704463,-0.006810335087668178,-0.0007881095918343291,0.004477362870039453,-0.0006346498920225672
4,-0.18290712710580098,0.0208285102970927,-0.005420417870628905,-0.00009700734651384136,0.004879940602719621,-0.0006120195805314037
