"l","Cl_uK2","Dl_uK2","is_peak"
2,1622.4309762513412,1549.3074581748626,0
3,813.8126107870121,1554.2675970872845,0
4,489.6282775887326,1558.5352131163495,0
5,327.1712390157334,1562.1275978056183,0
6,234.13330814975257,1565.0658800486249,0
7,175.8590429449917,1567.3748144378987,0
8,136.92828211457132,1569.0825322283224,0
9,109.62205407843639,1570.2202600623195,0
10,89.72514351518305,1570.8220121078211,0
11,74.77581999308526,1570.924261585707,0
12,63.25740184692364,1570.5655978097727,0
13,54.193729042716576,1569.7863748350696,0
14,46.93325070969942,1568.6283576221722,0
15,41.027481900367704,1567.1343712936293,0
16,36.159453287284954,1565.3479586067526,0
17,32.09995290084319,1563.3130502189829,0
18,28.679868514081587,1561.07365170466,0
19,25.772196715666034,1558.673550621285,0
20,23.28004001295497,1556.1560462443358,0
21,21.128416965816246,1553.5637039151402,0
22,19.258560679913945,1550.9381352960197,0
23,17.623877266226874,1548.319805217417,0
24,16.187033792526723,1545.7478652457062,0
25,14.917828681006062,1543.2600136071067,0
26,13.791613057296837,1540.892380678222,0
27,12.788105876923387,1538.679438899725,0
28,11.890494373059884,1536.6539356864243,0
29,11.084743864583858,1534.8468476917897,0
30,10.359062987439563,1533.2873546337119,0
31,9.70348556150162,1532.0028307951477,0
32,9.109540868948047,1531.0188522718017,0
33,8.56999158066782,1530.3592180421524,0
34,8.078623898775028,1530.0459829757344,0
35,7.630078335711546,1530.0995009666622,0
36,7.219712362954928,1530.5384764742385,0
37,6.843488235685547,1531.3800228650275,0
38,6.497880842157078,1532.6397260754145,0
39,6.179801583795778,1534.331712245626,0
40,5.886535167425596,1536.4687181113009,0
41,5.615686858222629,1539.0621630734872,0
42,5.3651382542322565,1542.122221999669,0
43,5.1330100392338345,1545.6578979348628,0
44,4.917630478801903,1549.67709402136,0
45,4.717508665582756,1554.1866840371376,0
46,4.531311709720181,1559.1925810656378,0
47,4.357845220758209,1564.6998039030655,0
48,4.19603654708539,1570.712540893513,0
49,4.044920334803027,1577.234210957224,0
50,3.9036260449535836,1584.2675216434018,0
51,3.7713671303013676,1591.8145240966642,0
52,3.647431623384733,1599.8766648759938,0
53,3.5311739287448694,1608.4548346075003,0
54,3.422007645947782,1617.5494134880246,0
55,3.3193992777206183,1627.1603136863027,0
56,3.222862700379396,1637.2870187126248,0
57,3.131954292651346,1647.9286198473096,0
58,3.0462686347235626,1659.0838497334298,0
59,2.9654347024662027,1670.7511132506397,0
60,2.8891124927534193,1682.9285157951308,0
61,2.816990025018176,1695.613889096178,0
62,2.7487806719351164,1708.8048147028312,0
63,2.684220778678417,1722.4986452754388,0
64,2.6230675357525395,1736.692523816197,0
65,2.565097075109512,1751.3834009710963,0
66,2.510102763283638,1766.5680505327477,0
67,2.457893668705772,1782.2430832698392,0
68,2.408293183297789,1798.404959204597,0
69,2.361137780970458,1815.0499984547653,0
70,2.316275897818945,1832.1743907514397,0
71,2.2735669206828377,1849.7742037386756,0
72,2.2328802723566907,1867.8453901552782,0
73,2.1940945831400467,1886.3837939936416,0
74,2.1570969396340915,1905.3851557249682,0
75,2.1217822027522093,1924.8451166748182,0
76,2.088052387835916,1944.7592226276079,0
77,2.055816100575137,1965.1229267335952,0
78,2.0249880231385062,1985.931591786941,0
79,1.995488445539066,2007.180491938726,0
80,1.9672428378051288,2028.8648139043148,0
81,1.9401814590050583,2050.9796577201714,0
82,1.914238999596959,2073.5200371012274,0
83,1.889354253947002,2096.4808794460723,0
84,1.8654698201897228,2119.857025533677,0
85,1.8425318248955218,2143.6432289520085,0
86,1.8204896702694873,2167.8341552957468,0
87,1.799295801835603,2192.424381167411,0
88,1.7789054947649159,2217.4083930134525,0
89,1.7592766571884149,2242.7805858243537,0
90,1.7403696489977842,2268.535261725404,0
91,1.722147114782309,2294.666628482648,0
92,1.704573829679881,2321.1687979464855,0
93,1.6876165570361605,2348.0357844534983,0
94,1.6712439168700401,2375.2615032053986,0
95,1.6554262642368835,2402.839768642345,0
96,1.6401355766649315,2430.7642928264363,0
97,1.6253453499156578,2459.028683849804,0
98,1.6110305013867818,2487.6264442804877,0
99,1.5971672805378159,2516.55096965811,0
100,1.5837331857732426,2545.795547050314,0
101,1.5707068872682364,2575.353353679924,0
102,1.558068155266917,2605.2174556319146,0
103,1.545797793423852,2635.3808066483984,0
104,1.5338775767964625,2665.8362470191305,0
105,1.5222901941294045,2696.5765025742544,0
106,1.5110191941023647,2727.594183785416,0
107,1.500048935240252,2758.881784980736,0
108,1.4893645392097925,2790.4316836785842,0
109,1.4789518472493164,2822.236140044575,0
110,1.468797379499245,2854.2872964757507,0
111,1.4588882970196468,2886.577177315433,0
112,1.4492123662984708,2919.0976887018646,0
113,1.4397579260697198,2951.8406185533213,0
114,1.430513856275215,2984.797636692086,0
115,1.42146954901664,3017.9602951092775,0
116,1.4126148813565722,3051.3200283722626,0
117,1.403940189838135,3084.8681541760698,0
118,1.395436246602958,3118.595874039957,0
119,1.3870942369962942,3152.4942741500045,0
120,1.3789057385566028,3186.5543263484105,0
121,1.3708627012946086,3220.76688926988,0
122,1.362957429173957,3255.122709625318,0
123,1.3551825627121123,3289.6124236328155,0
124,1.3475310626261177,3324.2265585957257,0
125,1.3399961944533716,3358.9555346274274,0
126,1.3325715140826284,3393.7896665222042,0
127,1.3252508541351176,3428.7191657714898,0
128,1.3180283111399709,3463.7341427245547,0
129,1.3108982334521246,3498.8246088925657,0
130,1.3038552098645124,3533.9804793947633,0
131,1.2968940588697655,3569.1915755453956,0
132,1.2900098185297355,3604.4476275798506,0
133,1.2831977369140515,3639.738277518317,0
134,1.2764532630716015,3675.0530821651732,0
135,1.269772038501265,3710.381516242124,0
136,1.263149889090545,3745.712975653028,0
137,1.2565828174928309,3781.0367808781925,0
138,1.2500669959160098,3816.3421804957975,0
139,1.2435987592969375,3851.6183548279846,0
140,1.2371745988379887,3886.8544197090437,0
141,1.2307911558834534,3922.0394303729804,0
142,1.2244452161150063,3957.1623854576637,0
143,1.2181337040468267,3992.212231122616,0
144,1.2118536778022004,4027.1778652774215,0
145,1.2056023241545948,4062.0481419175953,0
146,1.1993769538172963,4096.811875564676,0
147,1.1931749969666983,4131.457845807178,0
148,1.1869939989852767,4165.97480193897,0
149,1.1808316164111619,4200.351467691504,0
150,1.1746856130820356,4234.576546056281,0
151,1.1685538564618465,4268.6387241938,0
152,1.1624343141395443,4302.526678425174,0
153,1.1563250504897,4336.229079302497,0
154,1.1502242234854996,4369.734596753972,0
155,1.1441300816551818,4403.031905299745,0
156,1.1380409611735236,4436.109689334247,0
157,1.1319552830804978,4468.95664847089,0
158,1.125871550619686,4501.561502944757,0
159,1.1197883466894905,4533.912999068963,0
160,1.1137043314005912,4565.999914740258,0
161,1.1076182397334944,4597.811064989381,0
162,1.1015288792903783,4629.335307571626,0
163,1.0954351281357868,4660.5615485930275,0
164,1.089335932721046,4691.478748167529,0
165,1.0832303058875792,4722.075926100451,0
166,1.0771173249445727,4752.342167593497,0
167,1.0709961298167319,4782.266628966606,0
168,1.0648659212580878,4811.8385433917765,0
169,1.0587259591280818,4841.0472266340885,0
170,1.0525755607263505,4869.882082795055,0
171,1.0464140991828659,4898.332610053447,0
172,1.04024100190026,4926.388406398694,0
173,1.034055749045368,4954.039175351985,0
174,1.0278578720871867,4981.274731670152,0
175,1.0216469523786096,5008.085007027439,0
176,1.015422619779469,5034.460055670278,0
177,1.009184551318539,5060.3900600401485,0
178,1.0029324698923188,5085.865336359673,0
179,0.9966661429985183,5110.876340177057,0
180,0.990385381502316,5135.413671864064,0
181,0.9840900384335596,5159.468082062688,0
182,0.977780007813199,5183.0304770757575,0
183,0.971455223507339,5206.0919241967185,0
184,0.965115658107403,5228.643656973876,0
185,0.9587613218349901,5250.677080404475,0
186,0.9523922614700948,5272.18377605396,0
187,0.9460085593014447,5293.155507095887,0
188,0.9396103320977912,5313.584223267994,0
189,0.9331977300990554,5333.462065739973,0
190,0.9267709360263199,5352.781371888616,0
191,0.9203301641096953,5371.534679975991,0
192,0.9138756591331946,5389.714733726496,0
193,0.9074076954957618,5407.314486798604,0
194,0.9009265762877029,5424.327107147289,0
195,0.8944326323817854,5440.74598127315,0
196,0.8879262215383515,5456.5647183543915,0
197,0.8814077275238184,5471.777154257883,0
198,0.8748775592419983,5486.377355425647,0
199,0.8683361498777077,5500.359622633198,0
200,0.8617839560521796,5513.7184946163225,0
201,0.8552214569898314,5526.448751562924,0
202,0.8486491536959762,5538.545418466766,0
203,0.8420675681451026,5550.003768339963,0
204,0.8354772424793832,5560.819325281306,0
205,0.828878738217096,5570.98786739754,0
206,0.8222726354706806,5580.505429574875,0
207,0.8156595321741786,5589.368306098196,0
208,0.8090400433198236,5597.5730531154495,0
209,0.8024148002035904,5605.116490944993,0
210,0.7957844496795154,5611.995706223644,0
211,0.7891496534226397,5618.208053893478,0
212,0.7825110872004356,5623.75115902545,0
213,0.7758694401526061,5628.622918478133,0
214,0.7692254140791552,5632.821502389975,0
215,0.7625797227366582,5636.345355503646,0
216,0.7559330911426593,5639.193198321184,0
217,0.7492862548881578,5641.364028088832,0
218,0.7426399594581458,5642.85711961056,0
219,0.7359949595601749,5643.672025889479,0
220,0.7293520184609509,5643.808578596468,1
221,0.722711907330953,5643.266888365507,0
222,0.7160754045970971,5642.047344915376,0
223,0.709443295303463,5640.150616997502,0
224,0.7028163704801235,5637.577652169951,0
225,0.6961954265201102,5634.329676397646,0
226,0.6895812645645701,5630.408193479122,0
227,0.6829746898961665,5625.814984300236,0
228,0.6763765113407826,5620.5521059154025,0
229,0.6697875406775994,5614.621890457137,0
230,0.6632085920576164,5608.0269438747655,0
231,0.6566404814306926,5600.770144503374,0
232,0.6500840259811836,5592.854641464176,0
233,0.643540043572262,5584.283852897674,0
234,0.637009352199004,5575.061464031086,0
235,0.630492769450327,5565.191425081695,0
236,0.6239911119798689,5554.677948997897,0
237,0.6175051949859007,5543.525509039897,0
238,0.6110358317003551,5531.738836202078,0
239,0.6045838328870712,5519.322916479314,0
240,0.5981500063493362,5506.2829879794845,0
241,0.5917351564468187,5492.624537884724,0
242,0.5853400836219819,5478.353299263983,0
243,0.5789655839360593,5463.475247739604,0
244,0.5726124486146832,5447.996598010789,0
245,0.5662814636032453,5431.9238002369,0
246,0.559973409132072,5415.263536283677,0
247,0.5536890592914939,5398.022715835577,0
248,0.5474291816168765,5380.208472377487,0
249,0.5411945366836981,5361.82815904928,0
250,0.5349858777127295,5342.889344376656,0
251,0.5288039501853873,5323.3998078818895,0
252,0.5226494914693209,5303.367535578179,0
253,0.5165232304542879,5282.800715351357,0
254,0.5104258871983723,5261.707732232836,0
255,0.5043581725845908,5240.097163567714,0
256,0.4983207879879325,5217.977774082062,0
257,0.49231442495287064,5195.358510853487,0
258,0.486339764881376,5172.248498189079,0
259,0.480397478731464,5148.657032415001,0
260,0.4744882267262971,5124.593576581939,0
261,0.46861265807386043,5100.067755090774,0
262,0.4627714106972209,5075.089348242787,0
263,0.4569651109753803,5049.668286718852,0
264,0.4511943734947199,5023.814645992009,0
265,0.4454598008110341,4997.538640677927,0
266,0.43976198322214244,4970.850618827739,0
267,0.43410149855106506,4943.761056167777,0
268,0.42847891193973686,4916.280550290734,0
269,0.4228947756532377,4888.419814802823,0
270,0.4173496288945014,4860.189673431487,0
271,0.4118439976294681,4831.601054098223,0
272,0.4063783944226314,4802.664982961074,0
273,0.40095331828293346,4773.392578431358,0
274,0.39556925451995106,4743.79504516918,0
275,0.3902266746103094,4713.883668062241,0
276,0.38492603607425774,4683.669806192464,0
277,0.37966778236233456,4653.164886794941,0
278,0.3744523427520416,4622.380399213607,0
279,0.3692801322544449,4591.327888858124,0
280,0.36415155153061335,4560.018951166316,0
281,0.35906698681779947,4528.465225576518,0
282,0.35402680986526325,4496.678389514138,0
283,0.3490313778796351,4464.670152396675,0
284,0.34408103347970687,4432.452249661378,0
285,0.33917610466053744,4400.036436819708,0
286,0.334316904766753,4367.434483542646,0
287,0.32950373247491827,4334.658167780885,0
288,0.3247368717848509,4301.71926992383,0
289,0.320016592019744,4268.6295670012705,0
290,0.3153431478349642,4235.400826931557,0
291,0.3107167792353778,4202.04480281993,0
292,0.3061377116010666,4168.573227310712,0
293,0.3016061557212789,4134.997806996848,0
294,0.29712230783646704,4101.330216890298,0
295,0.29268634968825363,4067.582094956638,0
296,0.2882984485771665,4033.765036717141,0
297,0.28395875742798243,3999.890589921557,0
298,0.27966741486251007,3965.970249294629,0
299,0.27542454527964816,3932.0154513593916,0
300,0.27123025894254366,3898.037569340092,0
301,0.2670846520726795,3864.0479081475514,0
302,0.2629878069507136,3830.0576994496364,0
303,0.2589397920238924,3796.078096829406,0
304,0.2549406620198578,3762.1201710334326,0
305,0.2509904580666663,3728.194905312608,0
306,0.2470892078188361,3694.3131908577425,0
307,0.2432369255892366,3660.48582233204,0
308,0.2394336124866352,3626.7234935025185,0
309,0.2356792565587119,3593.036792972268,0
310,0.23197383294035503,3559.436200015357,0
311,0.22831730400704642,3525.9320805160714,0
312,0.22470961953314897,3492.5346830140825,0
313,0.22115071685490256,3459.2541348569684,0
314,0.21764052103794068,3426.1004384614803,0
315,0.21417894504913462,3393.0834676847626,0
316,0.21076588993257608,3360.212964306667,0
317,0.2074012449895058,3327.498534624159,0
318,0.20408488796199897,3294.9496461587282,0
319,0.20081668522021776,3262.5756244775853,0
320,0.197596491953041,3230.3856501293285,0
321,0.19442415236188332,3198.3887556946434,0
322,0.19129949985751574,3166.5938229524995,0
323,0.18822235725970313,3135.009580162212,0
324,0.18519253699947116,3103.6445994615865,0
325,0.1822098413238213,3072.5072943813284,0
326,0.1792740625027108,3041.605917475728,0
327,0.17638498303811792,3010.9485580695846,0
328,0.1735423758750131,2980.5431401211968,0
329,0.17074600461406045,2950.3974202011696,0
330,0.16799562372587495,2920.51898558669,0
331,0.16529097876666174,2890.9152524708156,0
332,0.16263180659506946,2861.5934642862503,0
333,0.16001783559008875,2832.5606901429815,0
334,0.1574487858698307,2803.8238233790526,0
335,0.15492436951102362,2775.3895802236916,0
336,0.15244429076906763,2747.264498571902,0
337,0.1500082462984905,2719.454936869568,0
338,0.14761592537364981,2691.967073108019,0
339,0.14526701010953164,2664.8069039269626,0
340,0.14296117568249692,2637.9802438245906,0
341,0.14069809055083035,2611.492724473604,0
342,0.13847741667495045,2585.349794141834,0
343,0.13629880973714267,2559.5567172160877,0
344,0.13416191936067942,2534.118573827754,0
345,0.13206638932819648,2509.0402595786795,0
346,0.1300118577991965,2484.3264853657415,0
347,0.1279979575265555,2459.981777302523,0
348,0.12602431607191075,2436.0104767364032,0
349,0.12409055601981209,2412.416740359367,0
350,0.12219629519052327,2389.2045404107826,0
351,0.12034114685136262,2366.377664970336,0
352,0.11852471992647559,2343.9397183393003,0
353,0.11674661920493706,2321.894121508259,0
354,0.11500644554708367,2300.244112709394,0
355,0.11330379608898002,2278.9927480513857,0
356,0.11163826444492747,2258.142902234984,0
357,0.11000944090792686,2237.6972693472467,0
358,0.10841691264801107,2217.6583637324543,0
359,0.10686026390836612,2198.0285209376684,0
360,0.10533907619916405,2178.8098987308886,0
361,0.10385292848903467,2160.004478189763,0
362,0.10240139739410531,2141.614064858775,0
363,0.10098405736454405,2123.640289972838,0
364,0.09960048086854319,2106.0846117452293,0
365,0.09825023857368448,2088.9483167177523,0
366,0.09693289952563097,2072.232521171074,0
367,0.09564803132409408,2055.9381725931376,0
368,0.09439520029602791,2040.0660512035815,0
369,0.09317397166600597,2024.6167715320896,0
370,0.09198390972373949,2009.5907840486082,0
371,0.09082457798869979,1994.9883768433895,0
372,0.08969553937181,1980.8096773548084,0
373,0.08859635633417547,1967.0546541429405,0
374,0.08752659104282495,1953.7231187068885,0
375,0.08648580552343818,1940.8147273438738,0
376,0.0854735618100381,1928.3289830481228,0
377,0.08448942209162982,1916.265237447606,0
378,0.08353294885577095,1904.622692776712,0
379,0.08260370502906032,1893.4004038829535,0
380,0.08170125411453687,1882.5972802658516,0
381,0.08082516032598075,1872.212088146148,0
382,0.07997498871911386,1862.2434525635485,0
383,0.0791503053196978,1852.689859501207,0
384,0.07835067724853145,1843.5496580352274,0
385,0.07757567284335146,1834.8210625074519,0
386,0.0768248617776425,1826.5021547198778,0
387,0.07609781517636618,1818.590886149054,0
388,0.07539410572861946,1811.0850801788629,0
389,0.0747133077972363,1803.9824343501175,0
390,0.074054997525348,1797.2805226254563,0
391,0.0734187529399197,1790.9767976680396,0
392,0.0728041540522833,1785.0685931326109,0
393,0.07221078295568761,1779.5531259675133,0
394,0.07163822391988998,1774.4274987262943,0
395,0.07108606348281386,1769.6887018875777,0
396,0.0705538905393001,1765.33361618192,0
397,0.07004129642697973,1761.3590149244096,0
398,0.06954787500929893,1757.7615663518136,0
399,0.06907322275572714,1754.5378359631054,0
400,0.06861693881918192,1751.6842888622768,0
401,0.06817862511070423,1749.19729210234,0
402,0.06775788637141981,1747.0731170295069,0
403,0.06735433024182351,1745.3079416265473,0
404,0.06696756732842352,1743.897852854378,0
405,0.06659721126778513,1742.8388489909803,0
406,0.06624287878801305,1742.1268419667808,0
407,0.06590418976771258,1741.757659695661,0
408,0.0655807672924717,1741.7270484008259,0
409,0.06527223770890493,1742.0306749347674,0
410,0.06497823067630244,1742.6641290926304,0
411,0.06469837921592705,1743.6229259183028,0
412,0.0644323197580031,1744.9025080026047,0
413,0.06417969218644098,1746.4982477729754,0
414,0.06394013988134188,1748.405449774101,0
415,0.06371330975932776,1750.619352938966,0
416,0.06349885231174121,1753.135132849828,0
417,0.06329642164076042,1755.9479039886676,0
418,0.06310567549347491,1759.052721976688,0
419,0.06292627529396698,1762.4445858024728,0
420,0.06275788617344447,1766.118440038439,0
421,0.06260017699847024,1770.0691770452572,0
422,0.06245282039733345,1774.2916391639326,0
423,0.06231549278460775,1778.7806208952743,0
424,0.06218787438394147,1783.530871066502,0
425,0.06206964924912425,1788.5370949847663,0
426,0.06196050528347451,1793.793956577388,0
427,0.0618601342575919,1799.2960805186285,0
428,0.06176823182551829,1805.0380543428566,0
429,0.06168449753935045,1811.014430543954,0
430,0.06160863486234742,1817.219728660869,0
431,0.0615403511805746,1823.6484373492062,0
432,0.06147935781312648,1830.295016438784,0
433,0.061425370020969094,1837.153898977092,0
434,0.06137810701444301,1844.2194932586126,0
435,0.06133729195946637,1851.4861848399546,0
436,0.06130265198247785,1858.9483385408016,0
437,0.06127391817415778,1866.6003004306472,0
438,0.061250825591965735,1874.436399801336,0
439,0.06123311326153127,1882.4509511254048,0
440,0.06122052417693494,1890.6382560002576,0
441,0.061212805299914796,1898.9926050781935,0
442,0.061209707558033566,1907.5082799823206,0
443,0.06121098584184062,1916.1795552083972,0
444,0.06121639900106192,1925.0007000126361,0
445,0.06122570983985062,1933.9659802855215,0
446,0.06123868511113003,1943.0696604116815,0
447,0.06125509551005939,1952.3060051158611,0
448,0.061274715666653,1961.6692812950478,0
449,0.061297324137581516,1971.1537598367943,0
450,0.061322703397183584,1980.7537174237748,0
451,0.06135063982771548,1990.4634383246268,0
452,0.061380923708865096,2000.2772161711066,0
453,0.0614133492065561,2010.1893557215974,0
454,0.061447714361066885,2020.1941746109935,0
455,0.06148382107448853,2030.2860050869842,0
456,0.061521475097544465,2040.4591957327493,0
457,0.06156048601579464,2050.708113176079,0
458,0.06160066723524497,2061.027143784912,0
459,0.06164183596738297,2071.410695349279,0
460,0.061683813213659386,2081.853198749648,0
461,0.06172642374943433,2092.3491096116204,0
462,0.061769496107406334,2102.892909946959,0
463,0.06181286256054154,2113.4791097808866,0
464,0.06185635910451931,2124.102248765592,0
465,0.0618998254397104,2134.756897779885,0
466,0.06194310495270215,2145.4376605148973,0
467,0.061986044697385154,2156.1391750457406,0
468,0.06202849537561514,2166.856115389019,0
469,0.06207031131746218,2177.5831930460563,0
470,0.06211135046106003,2188.315158531718,0
471,0.06215147433206637,2199.0468028886708,0
472,0.06219054802274517,2209.7729591869174,0
473,0.06222844017068065,2220.4885040084296,0
474,0.06226502293713328,2231.188358916702,0
475,0.06230017198504535,2241.8674919110017,0
476,0.06233376645670582,2252.5209188651174,0
477,0.06236568895108073,2263.143704950366,0
478,0.06239582550081759,2273.730966042614,0
479,0.06242406554892968,2284.2778701130687,0
480,0.06245030192516638,2294.779638602549,0
481,0.06247443082207563,2305.231547778966,0
482,0.06249635177076343,2315.6289300777257,0
483,0.06251596761635515,2325.9671754247156,0
484,0.06253318449316314,2336.2417325415927,0
485,0.06254791179956457,2346.448110233011,0
486,0.06256006217259295,2356.5818786554587,0
487,0.06256955146224694,2366.638670567343,0
488,0.06257629870551906,2376.61418255997,0
489,0.06258022610014706,2386.504176269021,0
490,0.06258125897809017,2396.304479566159,0
491,0.06257932577873289,2406.010987730363,0
492,0.06257435802181713,2415.6196645985797,0
493,0.06256629028010545,2425.1265436952876,0
494,0.06255506015177621,2434.5277293405525,0
495,0.06254060823255198,2443.819397736137,0
496,0.06252287808756245,2452.997798029239,0
497,0.06250181622294304,2462.059253353418,0
498,0.062477372057169515,2471.00016184625,0
499,0.06244949789213003,2479.8169976432787,0
500,0.062418148883934946,2488.506311847791,0
501,0.06238328301346503,2497.0647334759637,0
502,0.062344861056659304,2505.4889703769263,0
503,0.06230284655454207,2513.775810127261,0
504,0.06225720578299083,2521.9221208994854,0
505,0.062207907722245034,2529.924852304047,0
506,0.062154924026156556,2537.7810362043656,0
507,0.06209822899118267,2545.4877875044517,0
508,0.06203779952512232,2553.042304908649,0
509,0.06197361511559621,2560.4418716530145,0
510,0.061905657798272284,2567.6838562079065,0
511,0.06183391212483719,2574.7657129513036,0
512,0.061758365130715025,2581.684982812405,0
513,0.061679006302535,2588.439293885079,0
514,0.061595827545348876,2595.026362010696,0
515,0.06150882314960066,2601.443991329937,0
516,0.06141798975784964,2607.6900748031303,0
517,0.061323326331249095,2613.762594698705,0
518,0.06122483411578289,2619.6596230493524,0
519,0.0611225166082624,2625.3793220754956,0
520,0.06101637952208588,2630.919944575658,0
521,0.06090643075276405,2636.2798342833876,0
522,0.0607926803432139,2641.457426190325,0
523,0.060675140448824806,2646.45124683509,0
524,0.060553825302299934,2651.259914557631,0
525,0.06042875117827719,2655.8821397187044,0
526,0.06029993635773318,2660.316724884173,0
527,0.06016740109217507,2664.5625649738213,0
528,0.0600311675676243,2668.618647374398,0
529,0.05989125986839741,2672.4840520166185,0
530,0.05974770394068865,2676.157951415869,0
531,0.05960052755596012,2679.6396106763846,0
532,0.05944976027414457,2682.9283874586704,0
533,0.05929543340666716,2686.023731909973,0
534,0.05913757997929208,2688.925186557618,0
535,0.05897623469480025,2691.6323861650417,0
536,0.05881143389550545,2694.145057550392,0
537,0.058643215525614883,2696.46301936755,0
538,0.05847161909344224,2698.5861818494886,0
539,0.05829668563348015,2700.514546513876,0
540,0.058118457668340055,2702.248205830861,0
541,0.057936979170567414,2703.7873428530024,0
542,0.05775229552434049,2705.13223080733,0
543,0.05756445348706117,2706.283232649526,0
544,0.05737350115084668,2707.2408005802654,0
545,0.05717948790393103,2708.0054755237597,0
546,0.05698246439198554,2708.5778865685716,0
547,0.05678248247936786,2708.9587503708017,0
548,0.05657959521030915,2709.14887051976,0
549,0.056373856770049253,2709.1491368662646,1
550,0.05616532244593003,2708.960524813725,0
551,0.05595404858845735,2708.5840945722175,0
552,0.055740092572341735,2708.020990375738,0
553,0.05552351275752888,2707.2724396628837,0
554,0.055304368450230734,2706.3397522212254,0
555,0.05508271986396794,2705.2243192956344,0
556,0.05485862808063527,2703.9276126608934,0
557,0.05463215501160114,2702.4511836589036,0
558,0.05440336335885268,2700.7966622008494,0
559,0.054172316576198136,2698.965755734692,0
560,0.053939078830538466,2696.960248178405,0
561,0.05370371496321953,2694.7819988193505,0
562,0.053466290451477536,2692.432941180272,0
563,0.05322687136998928,2689.915081852346,0
564,0.0529855243525395,2687.2304992958,0
565,0.05274231655381785,2684.3813426086067,0
566,0.05249731561135739,2681.3698302637854,0
567,0.05225058960762718,2678.198248815871,0
568,0.052002207032291414,2674.868951577136,0
569,0.05175223674464732,2671.3843572641463,0
570,0.0515007479362546,2667.7469486152936,0
571,0.05124781009376863,2663.9592709799335,0
572,0.05099349296198982,2660.0239308797823,0
573,0.050737866507142,2655.9435945432715,0
574,0.05048100088039185,2651.720986413542,0
575,0.050222966381621874,2647.358887630805,0
576,0.049963833423469585,2642.860134489798,0
577,0.04970367249564467,2638.2276168730987,0
578,0.049442554129536916,2633.464276661059,0
579,0.049180548863126734,2628.573106119145,0
580,0.04891772720621046,2623.5571462634957,0
581,0.04865415960595254,2618.419485205511,0
582,0.048389916412776186,2613.163256476298,0
583,0.048125067846604655,2607.791637331835,0
584,0.04785968396346457,2602.307847039708,0
585,0.04759383462246269,2596.7151451482887,0
586,0.04732758945314786,2591.0168297392534,0
587,0.04706101782326894,2585.2162356643266,0
588,0.04679418880694007,2579.3167327671754,0
589,0.04652717115322398,2573.3217240913586,0
590,0.04626003325514405,2567.2346440752744,0
591,0.04599284311913573,2561.0589567350353,0
592,0.045725668334947546,2554.7981538362324,0
593,0.045458576046001765,2548.4557530555235,0
594,0.04519163292022456,2542.0352961330304,0
595,0.04492490512135558,2535.540347016502,0
596,0.044658458280746084,2528.9744899982234,0
597,0.04439235746965488,2522.341327845646,0
598,0.04412666717205118,2515.6444799267324,0
599,0.04386145125793288,2508.8875803309993,0
600,0.04359677295716878,2502.0742759872455,0
601,0.043332694833872906,2495.2082247789704,0
602,0.04306927876131891,2488.2930936584694,0
603,0.04280658589740203,2481.3325567606043,0
604,0.04254467666065602,2474.3302935172474,0
605,0.04228361070683228,2467.289986773396,0
606,0.04202344690604753,2460.2153209059434,0
607,0.041764243320507086,2453.109979946119,0
608,0.04150605718280928,2445.9776457065573,0
609,0.04124894487483744,2438.8219959140197,0
610,0.040992961907244635,2431.6467023487166,0
611,0.040738162899536544,2424.4554289912335,0
612,0.04048460156075747,2417.2518301780246,0
613,0.04023233067078392,2410.0395487664364,0
614,0.03998140206223033,2402.822214310236,0
615,0.03973186660297049,2395.603441246576,0
616,0.0394837741792789,2388.386827095368,0
617,0.03923717367959466,2381.1759506719727,0
618,0.03899211297891174,2373.974370314162,0
619,0.03874863892379738,2366.785622124246,0
620,0.038506797318041845,2359.6132182272936,0
621,0.0382666329089408,2352.4606450463266,0
622,0.03802818937421257,2345.331361595385,0
623,0.03779150930955119,2338.2287977913256,0
624,0.03755663421681665,2331.1563527852277,0
625,0.0373236044928627,2324.117393314237,0
626,0.03709245941900276,2317.1152520746905,0
627,0.03686323715111404,2310.153226117351,0
628,0.036635974710379424,2303.234575265531,0
629,0.03641070797466655,2296.362520556919,0
630,0.03618747167054323,2289.540242709872,0
631,0.03596629936592797,2282.770880614932,0
632,0.03574722346337388,2276.057529852311,0
633,0.03553027519398426,2269.403241236061,0
634,0.035315484611957555,2262.8110193856523,0
635,0.035102880589759286,2256.2838213256264,0
636,0.03489249081391807,2249.824555114019,0
637,0.03468434178144255,2243.4360785001836,0
638,0.03447845879685612,2237.121197612665,0
639,0.03427486596984533,2230.882665677731,0
640,0.034073586213518386,2224.7231817691563,0
641,0.033874641243269166,2218.6453895898403,0
642,0.03367805157624239,2212.651876285805,0
643,0.0334838365313949,2206.7451712931115,0
644,0.03329201423014833,2200.92774521822,0
645,0.033102601597627304,2195.2020087522683,0
646,0.032915614364477756,2189.570311619752,0
647,0.03273106706925977,2184.0349415620617,0
648,0.03254897306140815,2178.5981233562998,0
649,0.032369344504755,2173.2620178697857,0
650,0.03219219238160711,2168.0287211506397,0
651,0.032017526497371815,2162.9002635548136,0
652,0.03184535548572376,2157.8786089098994,0
653,0.03167568681430562,2152.965653716051,0
654,0.03150852679095496,2148.1632263843076,0
655,0.03134388057044977,2143.4730865126016,0
656,0.031181752161764446,2138.8969241997024,0
657,0.031022144435828278,2134.4363593973285,0
658,0.030865059133778103,2130.0929413006397,0
659,0.030710496875696363,2125.8681477772943,0
660,0.0305584571698263,2121.7633848352425,0
661,0.03040893842225489,2117.779986129385,0
662,0.03026193794705501,2113.919212507239,0
663,0.030117451976877253,2110.1822515936924,0
664,0.029975475673982153,2106.5702174149246,0
665,0.029836003141703572,2103.084150061565,0
666,0.02969902743633311,2099.7250153910963,0
667,0.029564540579416362,2096.4937047695344,0
668,0.029432533570450642,2093.391034852362,0
669,0.029302996399974576,2090.417747404691,0
670,0.02917591806303908,2087.5745091605936,0
671,0.02905128657304985,2084.861911721529,0
672,0.02892908897597079,2082.280471493771,0
673,0.028809311364878087,2079.8306296647193,0
674,0.028691938894854496,2077.512752217951,0
675,0.028576955798213094,2075.3271299868625,0
676,0.028464345400040073,2073.2739787467176,0
677,0.02835409013404576,2071.3534393449045,0
678,0.028246171558713055,2069.56557786918,0
679,0.028140570373732677,2067.9103858536705,0
680,0.028037266436714073,2066.387780522364,0
681,0.02793623878016141,2064.9976050698197,0
682,0.027837465628703508,2063.739628978803,0
683,0.027740924416566847,2062.613548374525,0
684,0.027646591805280785,2061.6189864151684,0
685,0.027554443701603676,2060.755493718323,0
686,0.02746445527565944,2060.0225488230026,0
687,0.02737660097927305,2059.4195586868177,0
688,0.027290854564494323,2058.945859217934,0
689,0.02720718910229891,2058.600715841378,0
690,0.027125577001455615,2058.383324099272,0
691,0.027045990027548948,2058.29281028453,0
692,0.026968399322146255,2058.328232107562,0
693,0.026892775422098333,2058.488579395505,0
694,0.02681908827896295,2058.7727748234743,0
695,0.026747307278540213,2059.179674677335,0
696,0.026677401260509322,2059.7080696474677,0
697,0.02660933853815584,2060.356685652982,0
698,0.026543086918179,2061.1241846958346,0
699,0.02647861372056846,2062.009165744288,0
700,0.02641588579854,2063.0101656451257,0
701,0.026354869558519758,2064.1256600640318,0
702,0.02629553098016685,2065.354064453556,0
703,0.026237835636423856,2066.693735048017,0
704,0.026181748713585223,2068.1429698847505,0
705,0.026127235031373573,2069.700009851051,0
706,0.026074259063013777,2071.3630397561715,0
707,0.026022784955295017,2073.1301894277153,0
708,0.02597277654861124,2074.999534831775,0
709,0.025924197396970085,2076.969099216124,0
710,0.025877010787960966,2079.0368542758,0
711,0.025831179762672872,2081.200721340377,0
712,0.025786667135552478,2083.458572582231,0
713,0.02574343551419354,2085.808232245106,0
714,0.025701447319048436,2088.2474778922506,0
715,0.02566066480305297,2090.7740416734237,0
716,0.0256210500711557,2093.385611610038,0
717,0.02558256509974312,2096.079832897714,0
718,0.025545171755952122,2098.854309225502,0
719,0.025508831816861505,2101.7066041110515,0
720,0.025473506988554166,2104.6342422509542,0
721,0.025439158925042147,2107.634710885551,0
722,0.02540574924704621,2110.705461177409,0
723,0.025373239560622634,2113.8439096027478,0
724,0.025341591475629185,2117.0474393550408,0
725,0.02531076662402319,2120.313401760033,0
726,0.025280726677984044,2123.6391177014125,0
727,0.025251433367853314,2127.0218790563817,0
728,0.025222848499885146,2130.4589501403425,0
729,0.025194933973800553,2133.9475691599578,0
730,0.025167651800138396,2137.4849496737897,0
731,0.02514096411739716,2141.0682820597854,0
732,0.02511483320896062,2144.6947349888046,0
733,0.025089221519801697,2148.36145690346,0
734,0.025064091672958252,2152.0655775014793,0
735,0.02503940648577504,2155.8042092228416,0
736,0.025015128985906278,2159.5744487399193,0
737,0.02499122242707327,2163.3733784498745,0
738,0.024967650304571692,2167.1980679685403,0
739,0.024944376370523626,2171.045575625048,0
740,0.024921364648869213,2174.9129499564447,0
741,0.0248985794500932,2178.7972312015504,0
742,0.024875985385681792,2182.6954527933203,0
743,0.024853547382305278,2186.6046428489676,0
744,0.024831230695722364,2190.5218256571156,0
745,0.024809000924401924,2194.4440231612552,0
746,0.02478682402285843,2198.368256438778,0
747,0.024764666314697162,2202.2915471748674,0
748,0.024742494505365836,2206.2109191305467,0
749,0.024720275694609186,2210.1233996041688,0
750,0.024697977388623147,2214.026020885648,0
751,0.024675567511905902,2217.9158217027534,0
752,0.024653014418802716,2221.7898486587715,0
753,0.02463028690474194,2225.6451576608574,0
754,0.024607354217159733,2229.4788153384216,0
755,0.02458418606611105,2233.287900450872,0
756,0.024560752634564864,2237.0695052840733,0
757,0.024537024588381525,2240.8207370348737,0
758,0.024512973085970523,2244.538719183067,0
759,0.02448856978762692,2248.2205928501617,0
760,0.02446378686454505,2251.863518144344,0
761,0.024438597007508098,2255.4646754910295,0
762,0.024412973435252474,2259.0212669484,0
763,0.024386889902505954,2262.530517507349,0
764,0.024360320707698828,2265.9896763752595,0
765,0.024333240700347265,2269.396018243035,0
766,0.024305625288108652,2272.7468445348554,0
767,0.024277450443508274,2276.0394846400895,0
768,0.02424869271033738,2279.271297126849,0
769,0.024219329209722553,2282.4396709366574,0
770,0.024189337645866497,2285.5420265597318,0
771,0.024158696311460566,2288.575817190373,0
772,0.024127384092769443,2291.538529861983,0
773,0.02409538047438871,2294.427686561253,0
774,0.024062665543675758,2297.240845321029,0
775,0.024029219994855324,2299.975601291453,0
776,0.023995025132800364,2302.6295877889065,0
777,0.023960062876489552,2305.2004773223557,0
778,0.02392431576214296,2307.6859825967026,0
779,0.02388776694603691,2310.083857492712,0
780,0.02385040020700006,2312.39189802317,0
781,0.02381219994859228,2314.6079432648944,0
782,0.023773151200968116,2316.7298762662344,0
783,0.02373323962242698,2318.7556249297295,0
784,0.023692451500652204,2320.6831628696114,0
785,0.02365077375364111,2322.510510243815,0
786,0.02360819393032858,2324.2357345602177,0
787,0.023564700210906668,2325.8569514568267,0
788,0.02352028140684278,2327.3723254556257,0
789,0.023474926960599243,2328.7800706898515,0
790,0.023428626945057186,2330.078451604441,0
791,0.023381372062647624,2331.265783629437,0
792,0.02333315364419288,2332.3404338261303,0
793,0.023283963647461554,2333.3008215057503,0
794,0.023233794655440367,2334.1454188205184,0
795,0.023182639874326255,2334.872751326898,0
796,0.02313049313124232,2335.4813985208925,0
797,0.023077348871681065,2335.9699943452392,0
798,0.02302320215667893,2336.337227668403,0
799,0.022968048659725602,2336.581842735231,0
800,0.0229118846634123,2336.7026395891976,1
801,0.02285470705582277,2336.6984744661486,0
802,0.022796513326671253,2336.5682601594854,0
803,0.022737301563191543,2336.3109663567416,0
804,0.022677070445781197,2335.925619947501,0
805,0.02261581924340558,2335.4113053026713,0
806,0.02255354780876576,2334.767164525063,0
807,0.02249025657323493,2333.992397671317,0
808,0.022425946541567873,2333.0862629451913,0
809,0.022360619286388043,2332.0480768622374,0
810,0.0222942769424569,2330.8772143859305,0
811,0.02222692220073029,2329.5731090353083,0
812,0.02215855830220665,2328.1352529642068,0
813,0.02208918903157184,2326.563197012177,0
814,0.02201881871064556,2324.8565507272024,0
815,0.0219474521916342,2323.01498236032,0
816,0.02187509485019534,2321.038218832307,0
817,0.0218017525783186,2318.9260456725447,0
818,0.021727431777028277,2316.6783069302583,0
819,0.021652139348912684,2314.2949050582833,0
820,0.02157588269048538,2311.775800769551,0
821,0.021498669684383503,2309.121012866497,0
822,0.02142050869140854,2306.3306180436102,0
823,0.021341408542414553,2303.4047506633333,0
824,0.02126137853004936,2300.34360250557,0
825,0.02118042840035388,2297.1474224910385,0
826,0.021098568344224942,2293.8165163787376,0
827,0.02101580898874693,2290.3512464377927,0
828,0.020932161388397708,2286.752031093992,0
829,0.020847637016133964,2283.0193445512677,0
830,0.02076224775436155,2279.153716388471,0
831,0.0206760058857962,2275.1557311317447,0
832,0.020588924084219817,2271.026027802812,0
833,0.02050101540513791,2266.7652994435452,0
834,0.020412293276343536,2262.374292617148,0
835,0.020322771488392982,2257.8538068863177,0
836,0.020232464184998775,2253.204694268763,0
837,0.020141385853345194,2248.4278586704513,0
838,0.020049551314331733,2243.524255296976,0
839,0.019956975712749868,2238.4948900434515,0
840,0.019863674507398364,2233.34081886333,0
841,0.019769663461142447,2228.0631471165652,0
842,0.019674958630922224,2222.6630288975525,0
843,0.019579576357715393,2217.141666343261,0
844,0.019483533256459715,2211.500308922018,0
845,0.019386846205940174,2205.740252703378,0
846,0.01928953233864627,2199.8628396095437,0
847,0.019191609030604344,2193.869456648792,0
848,0.01909309389119012,2187.7615351313743,0
849,0.018994004752926574,2181.5405498683767,0
850,0.018894359661271974,2175.208018354001,0
851,0.018794176864403326,2168.7654999317815,0
852,0.018693474802999797,2162.214594945197,0
853,0.018592272100031365,2155.556943873204,0
854,0.018490587550557207,2148.794226451176,0
855,0.018388440111538847,2141.9281607777657,0
856,0.01828584889167258,2134.9605024081875,0
857,0.018182833141246014,2127.8930434344584,0
858,0.018079412242023207,2120.7276115530894,0
859,0.017975605697163024,2113.466069120769,0
860,0.017871433121175208,2106.110312198559,0
861,0.017766914229918503,2098.6622695851174,0
862,0.0176620688306453,2091.1239018395045,0
863,0.01755691681209709,2083.4972002940813,0
864,0.017451478134654825,2075.7841860580425,0
865,0.017345772820548548,2067.986909012125,0
866,0.017239820944130197,2060.10744679502,0
867,0.01713364262221373,2052.147903782036,0
868,0.017027258004486418,2044.1104100565362,0
869,0.016920687263995274,2035.9971203747134,0
870,0.016813950587712324,2027.8102131242144,0
871,0.01670706816718247,2019.5518892771704,0
872,0.016600060189257585,2011.2243713381674,0
873,0.016492946826920405,2002.8299022876872,0
874,0.016385748230201655,1994.3707445215664,0
875,0.016278484517193888,1985.8491787869982,0
876,0.016171175765165188,1977.267503115613,0
877,0.01606384200177621,1968.6280317541734,0
878,0.015956503196403415,1959.9330940934024,0
879,0.01584917925157183,1951.1850335954823,0
880,0.01574188999450009,1942.3862067207376,0
881,0.01563465516876077,1933.5389818540284,0
882,0.015527494426058792,1924.6457382313686,0
883,0.015420427318130548,1915.7088648672834,0
884,0.01531347328876646,1906.7307594834128,0
885,0.01520665166595943,1897.7138274388703,0
886,0.01509998165418165,1888.6604806628548,0
887,0.014993482326792165,1879.5731365900115,0
888,0.014887172618577367,1870.4542170990374,0
889,0.014781071318426674,1861.3061474550113,0
890,0.01467519706214544,1852.1313552559363,0
891,0.014569568325407112,1842.9322693839654,0
892,0.01446420341684646,1833.7113189617792,0
893,0.014359120471295828,1824.4709323145871,0
894,0.014254337443165975,1815.2135359381987,0
895,0.014149872099973277,1805.9415534736272,0
896,0.014045742016014693,1796.6574046886606,0
897,0.013941964566192044,1787.3635044668442,0
898,0.013838556919986965,1778.062261804306,0
899,0.013735536035587678,1768.7560788148417,0
900,0.013632918654168946,1759.447349743687,0
901,0.013530721294326137,1750.1384599903763,0
902,0.013428960246664505,1740.8317851410916,0
903,0.013327651568544542,1731.5296900109038,0
904,0.013226811078984291,1722.234527696278,0
905,0.013126454353719239,1712.9486386382323,0
906,0.0130265967204206,1703.6743496965128,0
907,0.012927253254072445,1694.4139732351512,0
908,0.01282843877250817,1685.1698062197518,0
909,0.01273016783210677,1675.944129326858,0
910,0.012632454723649102,1666.7392060657264,0
911,0.012535313468334556,1657.5572819128479,0
912,0.012438757813958081,1648.400583459515,0
913,0.01234280123124778,1639.2713175727638,0
914,0.01224745691036298,1630.1716705699741,0
915,0.012152737757552734,1621.10380740743,0
916,0.012058656391974584,1612.0698708831142,0
917,0.011965225142673269,1603.0719808540136,0
918,0.01187245604571915,1594.1122334681947,0
919,0.011780360841505926,1585.1927004119077,0
920,0.011688950972207108,1576.315428171955,0
921,0.011598237579390784,1567.482437313565,0
922,0.011508231501792062,1558.6957217739966,0
923,0.011418943273242412,1549.9572481720834,0
924,0.011330383120755282,1541.2689551339295,0
925,0.01124256096276707,1532.6327526349519,0
926,0.011155486407532616,1524.050521358452,0
927,0.011069168751674215,1515.5241120708977,0
928,0.010983616978883197,1507.0553450140835,0
929,0.010898839758772953,1498.6460093143219,0
930,0.01081484544588226,1490.2978624088191,0
931,0.010731642078827758,1482.0126294893735,0
932,0.010649237379604257,1473.7920029635193,0
933,0.010567638753031587,1465.6376419332437,0
934,0.010486853286346692,1457.5511716913854,0
935,0.01040688774893939,1449.5341832358088,0
936,0.010327748592230478,1441.5882328014538,0
937,0.010249441949690586,1433.7148414103392,0
938,0.010171973636998203,1425.9154944395907,0
939,0.010095349152335276,1418.1916412075616,0
940,0.010019573676818687,1410.5446945780948,0
941,0.00994465207506594,1402.976030582977,0
942,0.009870588895893232,1395.4869880626175,0
943,0.009797388373144205,1388.078868324981,0
944,0.009725054426647428,1380.7529348227886,0
945,0.009653590663300834,1373.5104128490068,0
946,0.009583000378281126,1366.3524892506102,0
947,0.009513286556376259,1359.2803121606255,0
948,0.009444451873438947,1352.294990748431,0
949,0.009376498697959274,1345.3975949882913,0
950,0.009309429092754241,1338.5891554460925,0
951,0.00924324481677228,1331.870663084238,0
952,0.00917794732701057,1325.2430690846575,0
953,0.00911353778054304,1318.7072846898686,0
954,0.009050017036656902,1312.2641810620307,0
955,0.008987385659095534,1305.9145891599144,0
956,0.008925643918405496,1299.6592996337106,0
957,0.008864791794385487,1293.4990627375885,0
958,0.008804828978634964,1287.4345882599107,0
959,0.00874575487720018,1281.4665454710012,0
960,0.00868756861331538,1275.5955630883575,0
961,0.008630269030236826,1269.822229259195,0
962,0.008573854694167366,1264.1470915601933,0
963,0.00851832389726924,1258.5706570143225,0
964,0.008463674660762765,1253.0933921246087,0
965,0.008409904738108591,1247.7157229247027,0
966,0.008357011618271149,1242.4380350460922,0
967,0.00830499252906097,1237.2606738018176,0
968,0.008253844440553494,1232.18394428652,0
969,0.008203564068581989,1227.2081114926568,0
970,0.008154147878302277,1222.333400442721,0
971,0.008105592087826815,1217.5599963372756,0
972,0.008057892671925799,1212.8880447186273,0
973,0.008011045365792965,1208.3176516499525,0
974,0.007965045668873615,1203.8488839096772,0
975,0.007919888848752624,1199.4817692009199,0
976,0.00787556994509994,1195.2162963757855,0
977,0.007832083773671361,1191.0524156743181,0
978,0.007789424930362091,1186.9900389778813,0
979,0.0077475877953108434,1183.02904007677,0
980,0.007706566537052122,1179.169254951819,0
981,0.007666355116714312,1175.4104820697933,0
982,0.007626947292261335,1171.7524826923252,0
983,0.007588336622775512,1168.1949811981765,0
984,0.007550516472779346,1164.7376654185766,0
985,0.00751348001659398,1161.380186985415,0
986,0.007477220242732014,1158.1221616920304,0
987,0.007441729958322451,1154.9631698663623,0
988,0.007407001793565562,1151.902756756214,0
989,0.007373028206215387,1148.9404329263743,0
990,0.007339801486087732,1146.0756746673478,0
991,0.007307313759591423,1143.3079244154364,0
992,0.007275556994280711,1140.6365911839143,0
993,0.00724452300342659,1138.0610510050342,0
994,0.007214203450605012,1135.5806473826065,0
995,0.007184589854299778,1133.1946917548808,0
996,0.0071556735925181044,1130.9024639674683,0
997,0.007127445907416754,1128.703212756035,0
998,0.007099897909936704,1126.5961562384957,0
999,0.007073020584444337,1124.580482416438,0
1000,0.007046804793377133,1122.6553496855026,0
1001,0.0070212412818919205,1120.8198873544502,0
1002,0.006996320682513728,1119.0731961726337,0
1003,0.006972033519783304,1117.4143488656068,0
1004,0.006948370214901424,1115.8423906785858,0
1005,0.0069253210903680905,1114.356339927494,0
1006,0.0069028763746148145,1112.9551885573044,0
1007,0.006881026206628125,1111.6379027074083,0
1008,0.0068597606405625365,1110.4034232837255,0
1009,0.006839069650341204,1109.2506665372828,0
1010,0.006818943134242527,1108.1785246489744,0
1011,0.006799370919470994,1107.1858663202343,0
1012,0.006780342766710599,1106.2715373693338,0
1013,0.006761848374659159,1105.43436133303,0
1014,0.00674387738454191,1104.6731400732815,0
1015,0.00672641938460283,1103.9866543887626,0
1016,0.006709463914572041,1103.3736646308864,0
1017,0.006693000470107855,1102.8329113240698,0
1018,0.00667701850721186,1102.3631157899567,0
1019,0.0066615074466156565,1101.9629807753313,0
1020,0.00664645667813774,1101.631191083438,0
1021,0.006631855565009112,1101.3664142084403,0
1022,0.006617693448166305,1101.1673009727465,0
1023,0.0066039596505103595,1101.032486166924,0
1024,0.006590643481130509,1100.9605891919407,0
1025,0.006577734239491245,1100.9502147034564,0
1026,0.006565221219581505,1100.9999532579036,0
1027,0.00655309371402473,1101.108381960085,0
1028,0.006541341018148619,1101.2740651120275,0
1029,0.006529952434013378,1101.4955548628297,0
1030,0.006518917274397337,1101.7713918592376,0
1031,0.006508224866738816,1102.1001058966929,0
1032,0.006497864557033162,1102.4802165705971,0
1033,0.006487825713683876,1102.9102339275287,0
1034,0.006478097731306865,1103.3886591161684,0
1035,0.006468670034486776,1103.913985037676,0
1036,0.006459532081484464,1104.4846969952682,0
1037,0.006450673367894668,1105.0992733427538,0
1038,0.006442083430253001,1105.756186131777,0
1039,0.006433751849591358,1106.45390175753,0
1040,0.006425668254940917,1107.19088160269,0
1041,0.006417822326781914,1107.9655826793453,0
1042,0.006410203800439417,1108.7764582686755,0
1043,0.006402802469424331,1109.6219585581491,0
1044,0.006395608188718919,1110.5005312760125,0
1045,0.006388610878006142,1111.4106223228375,0
1046,0.00638180052484214,1112.3506763999067,0
1047,0.006375167187771251,1113.3191376342127,0
1048,0.006368700999382899,1114.3144501998488,0
1049,0.006362392169309823,1115.3350589355784,0
1050,0.006356230987167071,1116.379409958366,0
1051,0.006350207825431242,1117.4459512726617,0
1052,0.006344313142259458,1118.5331333752267,0
1053,0.0063385374842476324,1119.6394098553003,0
1054,0.006332871489127549,1120.7632379899005,0
1055,0.006327305888402387,1121.903079334065,0
1056,0.006321831509920247,1123.057400305831,0
1057,0.0063164392803853695,1124.2246727657662,0
1058,0.006311120227806675,1125.4033745908594,0
1059,0.0063058654838833335,1126.5919902425817,0
1060,0.006300666286327076,1127.7890113289434,0
1061,0.006295513981120994,1128.9929371603562,0
1062,0.006290400024714596,1130.2022752991338,0
1063,0.006285315986154912,1131.4155421024534,0
1064,0.006280253549153471,1132.6312632586094,0
1065,0.006275204514088991,1133.847974316392,0
1066,0.006270160799945657,1135.064221207434,0
1067,0.006265114446186869,1136.2785607613569,0
1068,0.0062600576145644,1137.4895612135701,0
1069,0.006254982590862877,1138.6958027055673,0
1070,0.006249881786579589,1139.895877777571,0
1071,0.006244747740539554,1141.0883918533814,0
1072,0.006239573120445919,1142.2719637172886,0
1073,0.006234350724365704,1143.4452259829138,0
1074,0.006229073482150918,1144.606825553838,0
1075,0.006223734456795182,1145.7554240758964,0
1076,0.006218326845725918,1146.889698381007,0
1077,0.006212843982032249,1148.0083409224153,0
1078,0.006207279335628765,1149.1100602012311,0
1079,0.006201626514355283,1150.1935811841463,0
1080,0.00619587926501284,1151.2576457122213,0
1081,0.006190031474336097,1152.3010129006345,0
1082,0.006184077169902388,1153.3224595292868,0
1083,0.006178010520977676,1154.3207804241677,0
1084,0.006171825839299673,1155.294788829382,0
1085,0.0061655175797984164,1156.243316769748,0
1086,0.006159080341254652,1157.1652154038823,0
1087,0.006152508866896245,1158.059355367676,0
1088,0.006145798044933114,1158.9246271080995,0
1089,0.006138942909030934,1159.759941207243,0
1090,0.006131938638724045,1160.56422869653,0
1091,0.006124780559767983,1161.336441361038,0
1092,0.006117464144432005,1162.075552033849,0
1093,0.006109985011732104,1162.7805548803863,0
1094,0.006102338927604933,1163.4504656726715,0
1095,0.0060945218050231014,1164.0843220534464,0
1096,0.006086529704052386,1164.6811837901237,0
1097,0.006078358831851296,1165.2401330185082,0
1098,0.006070005542613581,1165.7602744762623,0
1099,0.006061466337454151,1166.240735726065,0
1100,0.00605273786423902,1166.6806673684432,0
1101,0.006043816917359817,1167.0792432442436,0
1102,0.006034700437453451,1167.4356606267188,0
1103,0.006025385511067509,1167.7491404032096,0
1104,0.006015869370272049,1168.0189272464056,0
1105,0.006006149392218371,1168.2442897751762,0
1106,0.005996223098645415,1168.424520704955,0
1107,0.005986088155334454,1168.5589369876832,0
1108,0.005975742371512747,1168.646879941303,0
1109,0.005965183699206814,1168.6877153688115,0
1110,0.005954410232546048,1168.680833666877,0
1111,0.005943420207017366,1168.625649924033,0
1112,0.005932211998671594,1168.521604008462,0
1113,0.005920784123282346,1168.3681606453913,0
1114,0.005909135235458122,1168.164809484124,0
1115,0.005897264127708359,1167.9110651547235,0
1116,0.005885169729464244,1167.6064673144003,0
1117,0.005872851106055016,1167.2505806836166,0
1118,0.005860307457640539,1166.8429950719558,0
1119,0.005847538118100992,1166.3833253938033,0
1120,0.0058345425538844035,1165.871211673874,0
1121,0.005821320362812906,1165.306319042647,0
1122,0.005807871272848479,1164.688337721751,0
1123,0.005794195140819046,1164.0169829993654,0
1124,0.005780291951105739,1163.2919951956935,0
1125,0.005766161814292178,1162.513139618571,0
1126,0.005751804965776638,1161.6802065092845,0
1127,0.005737221764347911,1160.7930109786598,0
1128,0.005722412690725806,1159.8513929335093,0
1129,0.005707378346067058,1158.8552169934999,0
1130,0.005692119450437635,1157.8043723985436,0
1131,0.0056766368412522325,1156.6987729067748,0
1132,0.005660931471681894,1155.5383566832186,0
1133,0.00564500440903064,1154.3230861792351,0
1134,0.005628856833082011,1153.0529480028358,0
1135,0.0056124900344164,1151.7279527799694,0
1136,0.005595905412700125,1150.3481350068832,0
1137,0.005579104474947121,1148.9135528936583,0
1138,0.005562088833754165,1147.4242881990301,0
1139,0.005544860205510578,1145.8804460566073,0
1140,0.005527420408583286,1144.2821547925942,0
1141,0.005509771361478208,1142.6295657351454,0
1142,0.005491915080978838,1140.9228530154617,0
1143,0.005473853680263016,1139.162213360756,0
1144,0.005455589366998752,1137.3478658792123,0
1145,0.005437124441420055,1135.4800518370637,0
1146,0.005418461294383725,1133.5590344279256,0
1147,0.005399602405407987,1131.58509853451,0
1148,0.0053805503406939206,1129.5585504828632,0
1149,0.005361307751130624,1127.4797177892576,0
1150,0.005341877370285028,1125.3489488998896,0
1151,0.005322262012377272,1123.1666129235114,0
1152,0.005302464570242596,1120.9330993571548,0
1153,0.005282488013280665,1118.6488178050888,0
1154,0.005262335385393217,1116.3141976911588,0
1155,0.005242009802910999,1113.9296879646622,0
1156,0.0052215144525108795,1111.4957567999152,0
1157,0.005200852589124054,1109.0128912896598,0
1158,0.005180027533836249,1106.4815971324756,0
1159,0.005159042671780846,1103.9023983143516,0
1160,0.0051379014500258155,1101.2758367845784,0
1161,0.005116607375455344,1098.6024721261263,0
1162,0.005095164012647092,1095.8828812206716,0
1163,0.005073574981745901,1093.1176579084354,0
1164,0.0050518439563349,1090.3074126430026,0
1165,0.005029974661304846,1087.4527721412942,0
1166,0.00500797087072257,1084.554379028851,0
1167,0.004985836405699416,1081.6128914806143,0
1168,0.004963575132260506,1078.6289828573615,0
1169,0.004941190959215686,1075.6033413379807,0
1170,0.004918687836033005,1072.5366695477483,0
1171,0.0048960697507155595,1069.429684182795,0
1172,0.004873340727682514,1066.2831156309255,0
1173,0.004850504825655132,1063.0977075889728,0
1174,0.004827566135548634,1059.8742166768668,0
1175,0.004804528778370664,1056.6134120485888,0
1176,0.004781396903127177,1053.3160750001935,0
1177,0.004758174684736511,1049.982998575076,0
1178,0.004734866321952442,1046.6149871666605,0
1179,0.004711476035296954,1043.2128561186937,0
1180,0.004688008065003518,1039.7774313233178,0
1181,0.004664466668971585,1036.3095488171036,0
1182,0.004640856120733054,1032.8100543752237,0
1183,0.004617180707431423,1029.279803103942,0
1184,0.0045934447278143335,1025.7196590316028,0
1185,0.004569652490240223,1022.1304946982924,0
1186,0.004545808310699768,1018.5131907443566,0
1187,0.004521916510852771,1014.8686354979475,0
1188,0.0044979814160812015,1011.1977245617809,0
1189,0.004474007353559014,1007.5013603992774,0
1190,0.004449998650339379,1003.7804519202656,0
1191,0.004425959631459979,1000.0359140664223,0
1192,0.004401894618066973,996.2686673966232,0
1193,0.004377807925558229,992.4796376723797,0
1194,0.004353703861746416,988.6697554435326,0
1195,0.004329586725042542,984.8399556343753,0
1196,0.004305460802660493,980.9911771303775,0
1197,0.004281330368843127,977.1243623656791,0
1198,0.004257199683110443,973.2404569115195,0
1199,0.00423307298853039,969.3404090657747,0
1200,0.0042089545100127725,965.425169443762,0
1201,0.004184848452626787,961.4956905704807,0
1202,0.004160758999942653,957.5529264744495,0
1203,0.004136690312397808,953.5978322833,0
1204,0.004112646525688117,949.6313638212889,0
1205,0.004088631749184552,945.654477208886,0
1206,0.004064650064375725,941.6681284645897,0
1207,0.004040705523336739,937.6732731091294,0
1208,0.004016802147224705,933.6708657722047,0
1209,0.003992943924801321,929.6618598019091,0
1210,0.003969134810982884,925.6472068769907,0
1211,0.003945378725418095,921.6278566220932,0
1212,0.003921679551093941,917.6047562261202,0
1213,0.0038980411329700656,913.5788500638691,0
1214,0.0038744672766418235,909.5510793210659,0
1215,0.0038509617470324172,905.5223816229482,0
1216,0.003827528267114309,901.4936906665216,0
1217,0.0038041705166602245,897.4659358566295,0
1218,0.0037808921310239535,893.4400419459597,0
1219,0.0037576966999512186,889.416928679122,0
1220,0.00373458776642079,885.3975104409143,0
1221,0.003711568825516082,881.3826959089068,0
1222,0.003688643323327398,877.3733877104592,0
1223,0.0036658146558849916,873.3704820842878,0
1224,0.0036430861681231315,869.374868546702,0
1225,0.003620461152875273,865.3874295626146,0
1226,0.003597942849900501,861.4090402214405,0
1227,0.0035755344449413277,857.4405679179869,0
1228,0.0035532390688129646,853.4828720384385,0
1229,0.003531059796524154,849.5368036515404,0
1230,0.0035089996464296148,845.6032052050718,0
1231,0.00348706157941417,841.6829102277089,0
1232,0.003465248498108608,837.7767430363672,0
1233,0.0034435632461372796,833.8855184491109,0
1234,0.00342200860739747,830.0100415037164,0
1235,0.003400587305370538,826.1511071819716,0
1236,0.003379302002464812,822.3095001397919,0
1237,0.0033581552993902026,818.4859944432263,0
1238,0.0033371497345645144,814.6813533104319,0
1239,0.003316287783551393,810.8963288596817,0
1240,0.003295571858529833,807.1316618634781,0
1241,0.003275004307795184,803.388081508832,0
1242,0.0032545874152915565,799.6663051637715,0
1243,0.0032343234001755176,795.9670381501381,0
1244,0.003214214416410967,792.290973522722,0
1245,0.003194262552395064,788.6387918547923,0
1246,0.00317446983061506,785.0111610300688,0
1247,0.003154838207335889,781.4087360411812,0
1248,0.0031353695723183458,777.8321587946567,0
1249,0.003116065748567679,774.2820579224783,0
1250,0.003096928492112415,770.7590486002471,0
1251,0.0030779594918132025,767.2637323719828,0
1252,0.003059160369201481,763.7966969815922,0
1253,0.0030405326783477455,760.3585162110332,0
1254,0.003022077905759175,756.949749725196,0
1255,0.003003797470306395,753.5709429235259,0
1256,0.0029856927231791002,750.2226267983996,0
1257,0.0029677649478703026,746.9053178002764,0
1258,0.0029500153601889124,743.6195177096309,0
1259,0.0029324451083003853,740.365713515677,0
1260,0.0029150552727951365,737.14437730189,0
1261,0.002897846866784429,733.9559661383277,0
1262,0.002880820836023428,730.8009219807523,0
1263,0.002863978059061093,727.6796715765457,0
1264,0.0028473193474166133,724.5926263774193,0
1265,0.0028308454457820135,721.5401824588998,0
1266,0.0028145570322506233,718.5227204465884,0
1267,0.002798454718571041,715.5406054491712,0
1268,0.002782539050426249,712.5941869981683,0
1269,0.002766810507737512,709.6837989944003,0
1270,0.0027512695049926855,706.8097596611453,0
1271,0.002735916391598566,703.972371503968,0
1272,0.0027207514522568964,701.1719212771854,0
1273,0.00270577490736363,698.4086799569424,0
1274,0.002690986913431079,695.6829027208632,0
1275,0.0026763875635325137,692.9948289342398,0
1276,0.002661976887768848,690.3446821427241,0
1277,0.002647754853756957,687.7326700714748,0
1278,0.002633721367139243,685.1589846307251,0
1279,0.0026198762721140125,682.6238019277159,0
1280,0.002606219351986243,680.1272822849535,0
1281,0.002592750329738302,677.6695702647353,0
1282,0.0025794688686202054,675.250794699896,0
1283,0.0025663745727589468,672.8710687307147,0
1284,0.0025534669877864836,670.5304898479278,0
1285,0.0025407456014859176,668.229139941788,0
1286,0.002528209844455435,665.9670853571073,0
1287,0.0025158590907895383,663.7443769542199,0
1288,0.002503692658777138,661.5610501758002,0
1289,0.0024917098116160265,659.4171251194681,0
1290,0.002479909758143302,657.3126066161125,0
1291,0.002468291653581246,655.2474843138579,0
1292,0.0024568546002982383,653.2217327676078,0
1293,0.002445597648584199,651.2353115340818,0
1294,0.0024345197974401343,649.2881652722762,0
1295,0.002423619995381296,647.3802238492657,0
1296,0.0024128971412534905,645.5114024512666,0
1297,0.002402350085062079,643.6816016998819,0
1298,0.0023919776288132007,641.8907077734418,0
1299,0.002381778527366739,640.1385925333575,0
1300,0.002371751489300582,638.4251136554011,0
1301,0.0023618951777856887,636.7501147658228,0
1302,0.0023522082114715154,635.1134255822192,0
1303,0.002342689165381318,633.5148620590589,0
1304,0.002333336571816874,631.9542265377786,0
1305,0.0023241489212721574,630.4313079013507,0
1306,0.002315124663355506,628.9458817332353,0
1307,0.0023062622077198083,627.4977104806172,0
1308,0.0022975599250002615,626.0865436218322,0
1309,0.0022890161477592402,624.7121178378892,0
1310,0.002280629171437811,623.3741571879859,0
1311,0.002272397255313438,622.072373288921,0
1312,0.0022643186234634445,620.8064654983056,0
1313,0.002256391465733757,619.5761211014686,0
1314,0.0022486139387124927,618.3810155019594,0
1315,0.0022409841667079553,617.2208124155426,0
1316,0.002233500242730583,616.0951640675854,0
1317,0.0022261602294784146,615.0037113937315,0
1318,0.002218962160325642,613.9460842437594,0
1319,0.0022119040403138094,612.921901588521,0
1320,0.0022049838471452374,611.9307717298555,0
1321,0.00219819953217824,610.9722925133733,0
1322,0.00219154902142372,610.0460515440053,0
1323,0.002185030216542713,609.1516264042094,0
1324,0.0021786409958444897,608.2885848747335,0
1325,0.0021723792152847695,607.456485157821,0
1326,0.002166242709463686,606.6548761027611,0
1327,0.002160229292623065,605.8832974336696,0
1328,0.002154336759642635,605.1412799793982,0
1329,0.0021485628870347865,604.4283459054649,0
1330,0.0021429054339374707,603.7440089478972,0
1331,0.0021373621431048768,603.0877746488825,0
1332,0.0021319307418955057,602.4591405941203,0
1333,0.002126608943257255,601.8575966517675,0
1334,0.0021213944467091666,601.2826252128722,0
1335,0.002116284939319461,600.7337014331885,0
1336,0.0021112780966795123,600.2102934762686,0
1337,0.002106371583873406,599.7118627577252,0
1338,0.002101563056442739,599.2378641905586,0
1339,0.002096850161346311,598.7877464314452,0
1340,0.0020922305379143928,598.3609521278809,0
1341,0.0020877018187972223,597.9569181660792,0
1342,0.002083261630907419,597.5750759195157,0
1343,0.0020789075963559924,597.2148514980196,0
1344,0.002074637333381638,596.8756659973086,0
1345,0.002070448457273015,596.5569357488655,0
1346,0.002066338581283699,596.2580725700545,0
1347,0.002062305317539535,595.97848401438,0
1348,0.0020583462779380775,595.7175736217819,0
1349,0.0020544590750398665,595.4747411688766,0
1350,0.0020506413229512336,595.2493829190367,0
1351,0.0020468906381984012,595.0408918722194,0
1352,0.0020432046405925884,594.8486580144419,0
1353,0.002039580954085879,594.6720685668105,0
1354,0.0020360172076176026,594.5105082340078,0
1355,0.002032511035950979,594.363359452144,0
1356,0.0020290600804998026,594.2300026358791,0
1357,0.0020256619901449164,594.109816424725,0
1358,0.0020223144220402724,594.0021779284334,0
1359,0.00201901504240835,593.906462971386,0
1360,0.002015761527324723,593.8220463358884,0
1361,0.002012551563491571,593.7483020042899,0
1362,0.00200938284899994,593.6846033998348,0
1363,0.002006253094080558,593.6303236261639,0
1364,0.002003160021843027,593.5848357053809,0
1365,0.0020001013690031963,593.5475128145981,0
1366,0.0019970748865985716,593.5177285208836,0
1367,0.0019940783406915694,593.4948570145251,0
1368,0.001991109513060472,593.4782733405331,0
1369,0.0019881662018779328,593.4673536283052,0
1370,0.001985246222376868,593.4614753193723,0
1371,0.0019823474075036274,593.460017393155,0
1372,0.0019794676085582697,593.462360590651,0
1373,0.001976604695821856,593.4678876359844,0
1374,0.001973756559170617,593.4759834557443,0
1375,0.001970921108676885,593.4860353960406,0
1376,0.00196809627519669,593.4974334372109,0
1377,0.0019652800109439088,593.509570406109,0
1378,0.0019624702900508852,593.5218421859107,0
1379,0.0019596651091154157,593.5336479233698,0
1380,0.00195686248773404,593.5443902334657,0
1381,0.0019540604690215365,593.5534754013753,0
1382,0.0019512571201165767,593.5603135817141,0
1383,0.0019484505326734561,593.5643189949851,0
1384,0.0019456388233398537,593.5649101211793,0
1385,0.001942820134220567,593.5615098904717,0
1386,0.001939992633327176,593.5535458709604,0
1387,0.0019371545150135981,593.5404504533941,0
1388,0.0019343040003974984,593.5216610328379,0
1389,0.0019314393377675282,593.4966201872296,0
1390,0.0019285588029763735,593.464775852776,0
1391,0.0019256606998195932,593.4255814961454,0
1392,0.001922743360400233,593.3784962834094,0
1393,0.00191980514547923,593.3229852456947,0
1394,0.0019168444448115715,593.2585194414966,0
1395,0.0019138596774682622,593.1845761156245,0
1396,0.0019108492921440675,593.10063885473,0
1397,0.0019078117674510822,593.00619773939,0
1398,0.0019047456121981284,592.9007494927043,0
1399,0.0019016493656560244,592.7837976253776,0
1400,0.0018985215978087413,592.6548525772506,0
1401,0.001895360909590507,592.5134318552554,0
1402,0.0018921659331088843,592.3590601677594,0
1403,0.001888935331853879,592.1912695552787,0
1404,0.0018856678008931317,592.009599517529,0
1405,0.0018823620670532525,591.8135971367946,0
1406,0.0018790168890873587,591.602817197591,0
1407,0.0018756310578288875,591.3768223026025,0
1408,0.0018722033963317595,591.1351829848746,0
1409,0.0018687327599969583,590.8774778162441,0
1410,0.001865218036685627,590.6032935119922,0
1411,0.0018616581468187544,590.3122250317057,0
1412,0.0018580520434635457,590.0038756763341,0
1413,0.0018543987124065764,589.677857181432,0
1414,0.0018506971722138266,589.3337898065769,0
1415,0.001846946474277702,588.971302420956,0
1416,0.0018431457028511438,588.5900325851137,0
1417,0.00183929397506895,588.1896266288587,0
1418,0.0018353904409564139,587.7697397253231,0
1419,0.0018314342834254054,587.3300359611767,0
1420,0.001827424718258024,586.8701884029938,0
1421,0.001823360994077933,586.389879159774,0
1422,0.0018192423923095306,585.8887994416224,0
1423,0.0018150682271250715,585.3666496145916,0
1424,0.0018108378453798883,584.8231392516915,0
1425,0.001806550626535856,584.2579871800782,0
1426,0.001802205982573235,583.6709215244258,0
1427,0.001797803357891047,583.0616797464953,0
1428,0.001793342229196132,582.4300086809108,0
1429,0.0017888221053810492,581.775664567159,0
1430,0.0017842425273909659,581.0984130778236,0
1431,0.0017796030680796973,580.3980293430712,0
1432,0.001774903332055077,579.6742979714113,0
1433,0.0017701429555137902,578.9270130667406,0
1434,0.0017653216060658755,578.1559782417012,0
1435,0.0017604389825490354,577.3610066273682,0
1436,0.0017554948148329457,576.5419208792913,0
1437,0.0017504888636137319,575.6985531799165,0
1438,0.0017454209201987906,574.8307452374111,0
1439,0.0017402908062821442,573.9383482809218,0
1440,0.0017350983737104918,573.0212230522891,0
1441,0.0017298435042401603,572.0792397942538,0
1442,0.0017245261092851284,571.1122782351812,0
1443,0.0017191461296563143,570.1202275703372,0
1444,0.001713703535292321,569.1029864397484,0
1445,0.0017081983249818168,568.0604629026806,0
1446,0.0017026305260777611,566.9925744087707,0
1447,0.0016970001942036527,565.8992477658499,0
1448,0.0016913074129520026,564.7804191044916,0
1449,0.0016855522935752345,563.6360338393288,0
1450,0.001679734974669194,562.4660466271745,0
1451,0.001673855621849476,561.2704213219881,0
1452,0.001667914427420772,560.0491309267319,0
1453,0.0016619116100394296,558.8021575421551,0
1454,0.0016558474143694274,557.5294923125534,0
1455,0.001649722110731973,556.2311353685463,0
1456,0.0016435359947489148,554.9070957669172,0
1457,0.0016372893869801882,553.557391427565,0
1458,0.0016309826325554763,552.1820490676103,0
1459,0.001624616100800315,550.7811041327085,0
1460,0.0016181901848568217,549.354600725615,0
1461,0.0016117053012992726,547.9025915320544,0
1462,0.0016051618897447158,546.4251377439409,0
1463,0.001598560412458842,544.9223089800057,0
1464,0.0015919013539572994,543.3941832038778,0
1465,0.0015851852206026703,541.8408466396743,0
1466,0.001578412540197308,540.2623936851511,0
1467,0.001571583861572238,538.6589268224692,0
1468,0.001564699754172328,537.0305565266291,0
1469,0.001557760807637928,535.377401171629,0
1470,0.0015507676313831823,533.6995869344024,0
1471,0.0015437208541712237,531.9972476965912,0
1472,0.001536621123686435,530.2705249442081,0
1473,0.0015294691061039903,528.5195676652484,0
1474,0.0015222654856568761,526.744532245307,0
1475,0.0015150109642005792,524.9455823612569,0
1476,0.0015077062607756551,523.1228888730502,0
1477,0.0015003521111683553,521.2766297136957,0
1478,0.0014929492674695263,519.406989777477,0
1479,0.001485498497631962,517.5141608064649,0
1480,0.001478000585026406,515.5983412753872,0
1481,0.0014704563279963974,513.6597362749121,0
1482,0.0014628665394121481,511.69855739340875,0
1483,0.0014552320462236394,509.7150225972403,0
1484,0.001447553689013124,507.7093561096533,0
1485,0.0014398323215472247,505.68178828832094,0
1486,0.0014320688103288048,503.6325555016021,0
1487,0.0014242640341487964,501.56190000357503,0
1488,0.0014164188836381711,499.47006980790775,0
1489,0.0014085342608202186,497.3573185606233,0
1490,0.001400611078663324,495.2239054118221,0
1491,0.001392650260634408,493.07009488642126,0
1492,0.0013846527402532054,490.89615675396965,0
1493,0.001376619460647553,488.70236589760185,0
1494,0.0013685513741098524,486.4890021821876,0
1495,0.001360449441654875,484.25635032173903,0
1496,0.0013523146325790728,482.0046997461351,0
1497,0.001344147924021552,479.73434446722115,0
1498,0.0013359503005268773,477.44558294434546,0
1499,0.001327722753609852,475.1387179493899,0
1500,0.001319466281322434,472.81405643135344,0
1501,0.0013111818878229398,470.4719093805493,0
1502,0.0013028705829476817,468.11259169247074,0
1503,0.0012945333817851873,465.7364220313863,0
1504,0.0012861713042531416,463.3437226937195,0
1505,0.0012777853746781956,460.9348194712719,0
1506,0.0012693766213787798,458.5100415143457,0
1507,0.0012609460762510539,456.0697211948211,0
1508,0.0012524947743581302,453.6141939692463,0
1509,0.0012440237535226977,451.1437982419933,0
1510,0.0012355340539231736,448.65887522853524,0
1511,0.0012270267176935099,446.1597688189009,0
1512,0.001218502788526771,443.64682544135667,0
1513,0.0012099633112826044,441.1203939263731,0
1514,0.0012014093315987186,438.5808253709258,0
1515,0.0011928418955064826,436.0284730031844,0
1516,0.0011842620490507504,433.46369204763903,0
1517,0.0011756708379140248,430.88683959071756,0
1518,0.0011670693070450593,428.29827444694155,0
1519,0.0011584585002919969,425.69835702567093,0
1520,0.0011498394600401485,423.08744919848647,0
1521,0.0011412132268544997,420.46591416725767,0
1522,0.0011325808391270402,417.8341163329431,0
1523,0.001123943332729002,415.19242116517006,0
1524,0.0011153017406680932,412.5411950726394,0
1525,0.001106657092750807,409.880805274399,0
1526,0.001098010415249886,407.2116196720323,0
1527,0.0010893627305770177,404.534006722804,0
1528,0.00108071505696083,401.8483353138043,0
1529,0.0010720684081302627,399.1549746371359,0
1530,0.001063423793003374,396.4542940661826,0
1531,0.00105478221538165,393.74666303299995,0
1532,0.0010461446736498726,391.0324509068671,0
1533,0.0010375121604816093,388.31202687403845,0
1534,0.0010288856625503711,385.58575981873196,0
1535,0.0010202661602464924,382.8540182053896,0
1536,0.0010116546273997832,380.11716996224845,0
1537,0.0010030520310079915,377.37558236625244,0
1538,0.0009944593309711227,374.6296219293428,0
1539,0.0009858774798316532,371.87965428615735,0
1540,0.0009773074225206695,369.12604408317054,0
1541,0.0009687500961099703,366.369154869306,0
1542,0.0009602064295701581,363.6093489880507,0
1543,0.0009516773435347468,360.84698747110014,0
1544,0.0009431637500703068,358.0824299335612,0
1545,0.0009346665524526717,355.31603447074144,0
1546,0.0009261866449492206,352.54815755654903,0
1547,0.0009177249126072512,349.7791539435294,0
1548,0.000909282231048458,347.00937656456244,0
1549,0.0009008594662695163,344.23917643624173,0
1550,0.0008924574744487912,341.46890256396085,0
1551,0.0008840771017591597,338.69890184872423,0
1552,0.0008757191841869584,335.92951899570534,0
1553,0.0008673845473570461,333.16109642456934,0
1554,0.0008590740063639821,330.39397418157944,0
1555,0.0008507883656093079,327.6284898535035,0
1556,0.0008425284186449251,324.8649784833363,0
1557,0.0008342949480225546,322.1037724878541,0
1558,0.0008260887251492607,319.3452015770132,0
1559,0.0008179105101490272,316.58959267520856,0
1560,0.0008097610517303578,313.8372698444014,0
1561,0.0008016410870598813,311.0885542091293,0
1562,0.0007935513416419382,308.3437638834076,0
1563,0.0007854925292041166,305.6032138995316,0
1564,0.0007774653515887112,302.8672161387893,0
1565,0.0007694704986500676,300.136079264087,0
1566,0.0007615086481577874,297.4101086545024,0
1567,0.0007535804657057432,294.68960634176125,0
1568,0.0007456866046268774,291.9748709486489,0
1569,0.0007378277059137359,289.2661976293571,0
1570,0.0007300043981446976,286.5638780117693,0
1571,0.0007222172974158502,283.8682001416855,0
1572,0.0007144670072784722,281.1794484289893,0
1573,0.0007067541186820626,278.49790359575366,0
1574,0.0006990792099228775,275.82384262628835,0
1575,0.0006914428465979131,273.15753871912415,0
1576,0.0006838455815642827,270.4992612409315,0
1577,0.0006762879549039359,267.84927568237197,0
1578,0.0006687704938936538,265.20784361587533,0
1579,0.0006612937129802684,262.5752226553388,0
1580,0.0006538581137610406,259.95166641774176,0
1581,0.000646464184969135,257.33742448666857,0
1582,0.0006391124024641303,254.73274237773325,0
1583,0.0006318032292274927,252.13786150589476,0
1584,0.0006245371153629551,249.55301915465745,0
1585,0.0006173144981017246,246.97844844714243,0
1586,0.0006101358018124556,244.41437831902297,0
1587,0.0006030014380159127,241.86103349330926,0
1588,0.0005959118054042565,239.31863445697272,0
1589,0.0005888672898648732,236.78739743939516,0
1590,0.0005818682645086809,234.2675343926306,0
1591,0.0005749150897028312,231.75925297346456,0
1592,0.0005680081131077332,229.26275652725596,0
1593,0.0005611476697183232,226.77824407354666,0
1594,0.0005543340819095013,224.30591029342227,0
1595,0.0005475676594856543,221.84594551860653,0
1596,0.0005408486997341909,219.3985357222732,0
1597,0.0005341774874830024,216.96386251155704,0
1598,0.0005275542951617732,214.5421031217446,0
1599,0.0005209793828670566,212.1334304121267,0
1600,0.0005144529984310366,209.7380128634932,0
1601,0.0005079753774938893,207.35601457724823,0
1602,0.0005015467435796652,204.98759527612782,0
1603,0.0004951673081756071,202.6329103064967,0
1604,0.0004888372708148169,200.29211064220345,0
1605,0.00048255681916219454,197.96534288997307,0
1606,0.00047632612910355614,195.65274929631224,0
1607,0.00047014536483785366,193.35446775590714,0
1608,0.00046401467897240587,191.07063182148812,0
1609,0.00045793421262106123,188.80137071513985,0
1610,0.00045190409550520204,186.546809341031,0
1611,0.0004459244460575089,184.3070682995407,0
1612,0.0004399953715283986,182.08226390275635,0
1613,0.0004341169680950505,179.87250819131793,0
1614,0.00042828932097293697,177.67790895258386,0
1615,0.0004225125045297727,175.49856974009262,0
1616,0.000416786582401798,173.3345898942946,0
1617,0.00041111160761231206,171.1860645645279,0
1618,0.00040548762269237206,169.05308473221226,0
1619,0.0003999146598035732,166.93573723523417,0
1620,0.00039439274086282695,164.83410479349703,0
1621,0.00038892187766905465,162.74826603560916,0
1622,0.000383502072031712,160.678295526683,0
1623,0.0003781333159010633,158.62426379721808,0
1624,0.0003728155915001231,156.5862373730408,0
1625,0.0003675488714581846,154.56427880627373,0
1626,0.0003623331189458511,152.55844670730633,0
1627,0.00035716828781149463,150.56879577774055,0
1628,0.00035205432271905745,148.59537684428307,0
1629,0.000346991159287121,146.6382368935565,0
1630,0.0003419787242291603,144.6974191078022,0
1631,0.00033701693549491036,142.77296290144707,0
1632,0.00033210570241276285,140.86490395850595,0
1633,0.00032724492583312026,138.97327427079264,0
1634,0.0003224344982726316,137.0981021769121,0
1635,0.00031767430405923146,135.23941240200458,0
1636,0.00031296421947791506,133.39722609821658,0
1637,0.0003083041129171691,131.57156088586873,0
1638,0.00030369384501599187,129.76243089529487,0
1639,0.00029913326881142856,127.96984680932408,0
1640,0.0002946222298865517,126.19381590637857,0
1641,0.0002901605665188188,124.43434210416072,0
1642,0.0002857481098287373,122.69142600390168,0
1643,0.00028138468392876944,120.96506493514501,0
1644,0.0002770701060724125,119.25525300103875,0
1645,0.000272804186803387,117.56198112410922,0
1646,0.00026858673010486916,115.88523709249006,0
1647,0.0002644175335487051,114.22500560658077,0
1648,0.00026029638844454327,112.5812683261082,0
1649,0.00025622307998882603,110.95400391756604,0
1650,0.0002521973874135769,109.34318810200564,0
1651,0.00024821908413492986,107.74879370315418,0
1652,0.0002442879379013367,106.17079069583389,0
1653,0.00024040371094140157,104.60914625465844,0
1654,0.000236566160111283,103.06382480298123,0
1655,0.00023277503704161162,101.53478806207201,0
1656,0.00022903008828386922,100.02199510049692,0
1657,0.0002253310554561777,98.5254023836792,0
1658,0.00022167767538844681,97.04496382361629,0
1659,0.00021806968026683084,95.58063082873056,0
1660,0.00021450679777744718,94.13235235383121,0
1661,0.00021098875124930737,92.70007495016377,0
1662,0.00020751525979641642,91.28374281552615,0
1663,0.00020408603845899488,89.88329784442877,0
1664,0.00020070079834378014,88.49867967827713,0
1665,0.00019735924676336425,87.12982575555623,0
1666,0.0001940610873745273,85.77667136199507,0
1667,0.0001908060203155271,84.43914968069184,0
1668,0.00018759374234230487,83.11719184217864,0
1669,0.0001844239469635703,81.81072697440658,0
1670,0.00018129632457473014,80.51968225263174,0
1671,0.0001782105625906234,79.24398294918261,0
1672,0.00017516634557703168,77.98355248309097,0
1673,0.00017216335538092908,76.73831246956722,0
1674,0.0001692012712594424,75.5081827693027,0
1675,0.00016627977000749003,74.29308153758144,0
1676,0.00016339852608407082,73.09292527318411,0
1677,0.0001605572117371745,71.90762886706723,0
1678,0.00015775549712728686,70.73710565080167,0
1679,0.00015499305044946467,69.58126744475437,0
1680,0.0001522695380539545,68.44002460599734,0
1681,0.00014958462456533358,67.31328607592941,0
1682,0.00014693797300014848,66.20095942759524,0
1683,0.00014432924488303305,65.10295091268807,0
1684,0.00014175810036128248,64.01916550822118,0
1685,0.00013922419831786755,62.94950696285555,0
1686,0.00013672719648286913,61.89387784286984,0
1687,0.00013426675154331718,60.852179577760175,0
1688,0.00013184251925141827,59.824312505457335,0
1689,0.00012945415453115703,58.81017591714941,0
1690,0.00012710131158325815,57.80966810169832,0
1691,0.00012478364398849583,56.82268638963891,0
1692,0.00012250080480934034,55.84912719675021,0
1693,0.00012025244668992947,54.888886067187954,0
1694,0.00011803822195435706,53.941857716168876,0
1695,0.00011585778270326918,53.007936072196834,0
1696,0.00011371078090876016,52.08701431882175,0
1697,0.00011159686850756306,51.178984935922564,0
1698,0.00010951569749252715,50.28373974050552,0
1699,0.00010746692000237945,49.40116992701021,0
1700,0.00010545018840976513,48.53116610711515,0
1701,0.00010346515540756456,47.67361834903614,0
1702,0.00010151147409348472,46.82841621631012,0
1703,0.00009958879805292334,45.995448806058064,0
1704,0.00009769678144010642,45.174604786721005,0
1705,0.00009583507905749833,44.365772435262926,0
1706,0.00009400334643348653,43.56883967383551,0
1707,0.0000922012398983429,42.78369410589941,0
1708,0.00009042841665846406,42.01022305179733,0
1709,0.00008868453486889476,41.2483135837747,0
1710,0.00008696925370413835,40.4978525604437,0
1711,0.00008528223342725914,39.75872666068689,0
1712,0.00008362313545728323,39.030822416997516,0
1713,0.00008199162243490338,38.31402624825296,0
1714,0.0000803873582864952,37.608224491918776,0
1715,0.00007881000828645274,36.9133034356811,0
1716,0.00007725923911785165,36.22914934850521,0
1717,0.00007573471893144896,35.55564851111854,0
1718,0.0000742361174030288,34.892687245916576,0
1719,0.00007276310578910486,34.24015194629075,0
1720,0.00007131535698098971,33.597929105377176,0
1721,0.00006989254555724269,32.96590534422592,0
1722,0.00006849434783450824,32.34396743939044,0
1723,0.00006712044191675622,31.732002349937016,0
1724,0.00006577050774293856,31.129897243874886,0
1725,0.00006444422713307406,30.537539524007215,0
1726,0.0000631412838327759,29.95481685320388,0
1727,0.00006186136355623607,29.3816171790972,0
1728,0.000060604154027681165,28.81782875820187,0
1729,0.000059369345021314524,28.263340179460613,0
1730,0.00005815662839976067,27.718040387217492,0
1731,0.00005696569815102721,27.181818703620795,0
1732,0.00005579625042400082,26.65456485045785,0
1733,0.00005464798356249402,26.136168970424286,0
1734,0.00005352059813785889,25.626521647830327,0
1735,0.00005241379698018574,25.125513928747168,0
1736,0.000051327285208103586,24.633037340596527,0
1737,0.000050260770257200676,24.148983911186725,0
1738,0.00004921396190708254,23.673246187198686,0
1739,0.00004818657230708639,23.20571725212576,0
1740,0.00004717831600066996,22.746290743671143,0
1741,0.000046188909948493825,22.294860870606996,0
1742,0.00004521807355021572,21.851322429099433,0
1743,0.00004426552866501649,21.41557081850393,0
1744,0.000043330999630876454,20.987502056635527,0
1745,0.000042414213282622125,20.567012794518725,0
1746,0.0000415148989687624,20.154000330621756,0
1747,0.00004063278856713436,19.748362624580384,0
1748,0.000039767616499378254,19.349998310416243,0
1749,0.00003891911974426176,18.95880670925506,0
1750,0.000038087037849873676,18.574687841550183,0
1751,0.000037271112944706874,18.197542438816754,0
1752,0.00003647108974765101,17.827271954882377,0
1753,0.0000356867155769151,17.463778576659823,0
1754,0.00003491774035790034,17.106965234447713,0
1755,0.00003416391663004347,16.756735611765095,0
1756,0.00003342499955265099,16.41299415472582,0
1757,0.00003270074690974471,16.075646080959036,0
1758,0.00003199091911393885,15.744597388081797,0
1759,0.00003129527920936931,15.41975486173015,0
1760,0.000030613592873694935,15.10102608315499,0
1761,0.00002994562841919173,14.788319436389129,0
1762,0.000029291156792959707,14.481544114992008,0
1763,0.000028649951576262895,14.180610128378595,0
1764,0.000028021788983022468,13.88542830773899,0
1765,0.000027406447857483248,13.595910311555462,0
1766,0.000026803709671073325,13.311968630723438,0
1767,0.00002621335851847687,13.03351659328327,0
1768,0.00002563518111293991,12.760468368769434,0
1769,0.000025068966780828686,12.492738972183968,0
1770,0.000024514507455460173,12.2302442676009,0
1771,0.0000239715976702243,11.972900971408478,0
1772,0.00002344003455101718,11.720626655196096,0
1773,0.000022919617808004366,11.473339748292624,0
1774,0.00002241014972673346,11.230959539963116,0
1775,0.000021911435158614703,10.99340618127065,0
1776,0.000021423281510788467,10.760600686610218,0
1777,0.000020945498735398083,10.53246493492145,0
1778,0.000020477899318286602,10.308921670587125,0
1779,0.00002002029826713545,10.089894504024127,0
1780,0.000019572513099063232,9.87530791197383,0
1781,0.00001913436382770261,9.665087237498664,0
1782,0.000018705672949772538,9.459158689691538,0
1783,0.000018286265431163947,9.257449343105108,0
1784,0.00001787596869255553,9.05988713690734,0
1785,0.000017474612594577145,8.866400873770313,0
1786,0.000017082029422537608,8.676920218498845,0
1787,0.00001669805387073326,8.49137569640546,0
1788,0.000016322523026354303,8.309698691438586,0
1789,0.000015955276353004413,8.131821444070168,0
1790,0.000015596155673850415,7.957677048949595,0
1791,0.00001524500515441708,7.787199452330083,0
1792,0.000014901671285043128,7.620323449274172,0
1793,0.000014566002863013411,7.456984680644563,0
1794,0.00001423785097438259,7.29711962988673,0
1795,0.00001391706897550501,7.1406656196094564,0
1796,0.000013603512474285491,6.987560807969628,0
1797,0.000013297039311165358,6.837744184867342,0
1798,0.00001299750953985782,6.691155567957459,0
1799,0.000012704785407846676,6.5477355984836345,0
1800,0.000012418731336662003,6.4074257369408185,0
1801,0.000012139213901946123,6.270168258572054,0
1802,0.000011866101813323093,6.135906248705468,0
1803,0.000011599265894084728,6.004583597937226,0
1804,0.000011338579060705651,5.876144997166113,0
1805,0.000011083916302199918,5.7505359324853735,0
1806,0.000010835154659331415,5.627702679937396,0
1807,0.000010592173203689851,5.507592300136671,0
1808,0.000010354853016644204,5.390152632766483,0
1809,0.000010123077168184902,5.275332290954628,0
1810,0.000009896730695666049,5.163080655533415,0
1811,0.000009675700582458574,5.053347869189135,0
1812,0.000009459875736525126,4.946084830506128,0
1813,0.000009249146968927028,4.841243187910382,0
1814,0.00000904340697227362,4.738775333517689,0
1815,0.000008842550299123948,4.638634396891179,0
1816,0.000008646473340350548,4.540774238713013,0
1817,0.000008455074303474758,4.445149444374918,0
1818,0.000008268253190982943,4.351715317492228,0
1819,0.000008085911778632528,4.260427873345891,0
1820,0.000007907953593756729,4.171243832256964,0
1821,0.000007734283893576495,4.08412061289792,0
1822,0.000007564809643527961,3.999016325545055,0
1823,0.000007399439495613555,3.9158897652762104,0
1824,0.00000723808376678463,3.834700405117945,0
1825,0.0000070806544173631975,3.7554083891461403,0
1826,0.000006927065029510214,3.6779745255440335,0
1827,0.000006777230785747669,3.602360279621554,0
1828,0.000006631068447541356,3.528527766799711,0
1829,0.000006488496333951127,3.456439745563766,0
1830,0.000006349434300355199,3.3860596103888057,0
1831,0.000006213803717254784,3.317351384641242,0
1832,0.000006081527449165212,3.2502797134597117,0
1833,0.000005952529833599457,3.1848098566187466,0
1834,0.000005826736660149702,3.1209076813784846,0
1835,0.000005704075149672553,3.0585396553236723,0
1836,0.000005584473933583159,2.9976728391950727,0
1837,0.000005467863033263293,2.9382748797163094,0
1838,0.000005354173839588405,2.880314002419154,0
1839,0.000005243339092578317,2.8237590044701344,0
1840,0.000005135292861176088,2.7685792475012754,0
1841,0.000005029970523159425,2.7147446504477104,0
1842,0.000004927308745188782,2.6622256823948307,0
1843,0.000004827245462996154,2.610993355437547,0
1844,0.000004729719861718369,2.5610192175541826,0
1845,0.000004634672356378506,2.5122753454974127,0
1846,0.0000045420445725189205,2.4647343377046322,0
1847,0.000004451779326989144,2.4183693072300074,0
1848,0.00000436382060889186,2.3731538747004643,0
1849,0.000004278113560689817,2.3290621612976974,0
1850,0.000004194604459476621,2.2860687817683396,0
1851,0.00000411324069841395,2.2441488374642202,0
1852,0.000004033970768337769,2.2032779094146924,0
1853,0.000003956744239535886,2.163432051432876,0
1854,0.000003881511743699018,2.1245877832575926,0
1855,0.000003808224956047502,2.0867220837327562,0
1856,0.000003736836577635513,2.0498123840258433,0
1857,0.0000036673003178346144,2.013836560887065,0
1858,0.000003599570876998284,1.9787729299507681,0
1859,0.0000035336039293089516,1.944600239080536,0
1860,0.0000034693561058089013,1.911297661759387,0
1861,0.0000034067849776163763,1.8788447905264456,0
1862,0.0000033458490393279745,1.8472216304613456,0
1863,0.00000328650769260839,1.8164085927176137,0
1864,0.0000032287212299684195,1.7863864881061997,0
1865,0.0000031724508187320146,1.7571365207302712,0
1866,0.0000031176584851930916,1.7286402816723303,0
1867,0.0000030643070989626527,1.7008797427346571,0
1868,0.0000030123603575067284,1.6738372502340368,0
1869,0.000002961782770875487,1.6474955188516593,0
1870,0.000002912539646623826,1.6218376255390592,0
1871,0.0000028645970749235732,1.596847003480864,0
1872,0.0000028179219138674442,1.5725074361151274,0
1873,0.000002772481774964712,1.5488030512119266,0
1874,0.000002728245008828515,1.525718315010886,0
1875,0.0000026851806910546337,1.5032380264182321,0
1876,0.000002643258608291466,1.481347311263935,0
1877,0.0000026024492445008702,1.4600316166194576,0
1878,0.000002562723767409463,1.439276705176583,0
1879,0.000002524054015149887,1.4190686496877554,0
1880,0.000002486412483091472,1.3993938274683133,0
1881,0.0000024497723108596812,1.3802389149609804,0
1882,0.00000241410726954362,1.361590882362906,0
1883,0.000002379391749090879,1.3434369883155455,0
1884,0.000002345600745888841,1.325764774657598,0
1885,0.0000023127098505316134,1.3085620612412163,0
1886,0.0000022806952357716184,1.2918169408116387,0
1887,0.000002249533644654841,1.2755177739503796,0
1888,0.0000022192023788387043,1.2596531840820753,0
1889,0.000002189679287091447,1.2442120525450409,0
1890,0.000002160942753971874,1.2291835137255795,0
1891,0.0000021329716886882655,1.2145569502560392,0
1892,0.000002105745514135216,1.2003219882765914,0
1893,0.0000020792441561071145,1.1864684927606768,0
1894,0.0000020534480326869364,1.1729865629040268,0
1895,0.000002028338043808998,1.1598665275771611,0
1896,0.0000020038955609942528,1.1470989408412107,0
1897,0.0000019801024172567184,1.1346745775269151,0
1898,0.00000195694089717955,1.1225844288766011,0
1899,0.0000019343937271592717,1.110819698248935,0
1900,0.0000019124440658166263,1.0993717968862127,0
1901,0.0000018910754945725037,1.0882323397439406,0
1902,0.000001870272008387362,1.0773931413824243,0
1903,0.0000018500180066625212,1.0668462119200717,0
1904,0.000001830298284301726,1.0565837530480984,0
1905,0.0000018110980229313088,1.0465981541062994,0
1906,0.0000017924027822772982,1.0368819882195368,0
1907,0.0000017741984916977735,1.0274280084945728,0
1908,0.0000017564714418687738,1.0182291442768663,0
1909,0.0000017392082766220423,1.0092784974669333,0
1910,0.000001722395984932858,1.0005693388958474,0
1911,0.0000017060218930562406,0.9920951047594662,0
1912,0.0000016900736568097426,0.9838493931109217,0
1913,0.0000016745392540010818,0.9758259604109341,0
1914,0.000001659406976998838,0.9680187181354714,0
1915,0.0000016446654254444282,0.960421729440279,0
1916,0.0000016303034991035777,0.9530292058817857,0
1917,0.0000016163103908554896,0.9458355041938842,0
1918,0.0000016026755798179312,0.9388351231200809,0
1919,0.00000158938882460641,0.9320227003004811,0
1920,0.000001576440156725678,0.9253930092130999,0
1921,0.0000015638198740917219,0.9189409561689392,0
1922,0.0000015515185346824714,0.9126615773603064,0
1923,0.0000015395269503154048,0.9065500359618068,0
1924,0.000001527836180550261,0.9006016192834636,0
1925,0.0000015164375267150656,0.8948117359753919,0
1926,0.0000015053225260536695,0.8891759132834625,0
1927,0.0000014944829459930279,0.88368979435538,0
1928,0.0000014839107785284196,0.8783491355965906,0
1929,0.0000014735982347248492,0.8731498040754452,0
1930,0.0000014635377393328497,0.8680877749770222,0
1931,0.0000014537219255169315,0.8631591291050236,0
1932,0.0000014441436296949192,0.8583600504311514,0
1933,0.0000014347958864864393,0.853686823691367,0
1934,0.000001425671923768814,0.8491358320284379,0
1935,0.000001416765157838642,0.8447035546801692,0
1936,0.000001408069188677355,0.8403865647127249,0
1937,0.0000013995777953190357,0.8361815267984318,0
1938,0.0000013912849313188151,0.8320851950374681,0
1939,0.0000013831847203201657,0.8280944108228321,0
1940,0.0000013752714517194226,0.824206100747991,0
1941,0.000001367539576425882,0.8204172745566081,0
1942,0.000001359983702715826,0.8167250231337432,0
1943,0.0000013525985921788632,0.8131265165379339,0
1944,0.0000013453791557549564,0.8096190020735534,0
1945,0.0000013383204498605477,0.8061998024028507,0
1946,0.000001331417672602194,0.8028663136970744,0
1947,0.00000132466616007615,0.7996160038260953,0
1948,0.0000013180613827523315,0.7964464105859251,0
1949,0.0000013115989419411457,0.7933551399635562,0
1950,0.000001305274566341639,0.7903398644385253,0
1951,0.0000012990841086694812,0.7873983213206274,0
1952,0.0000012930235423632865,0.784528311123198,0
1953,0.000001287088958367792,0.7817276959713838,0
1954,0.000001281276561992461,0.7789943980448393,0
1955,0.0000012755826698440468,0.7763263980542696,0
1956,0.0000012700037068317159,0.7737217337512661,0
1957,0.0000012645362032433124,0.7711784984708634,0
1958,0.0000012591767918913916,0.7686948397062747,0
1959,0.000001253922205327638,0.7662689577152401,0
1960,0.0000012487692731243297,0.7638991041574515,0
1961,0.0000012437149192215077,0.7615835807625074,0
1962,0.0000012387561593385375,0.7593207380278583,0
1963,0.0000012338900984487638,0.7571089739462149,0
1964,0.0000012291139283159763,0.7549467327618858,0
1965,0.0000012244249250914283,0.7528325037555281,0
1966,0.0000012198204469701591,0.7507648200567879,0
1967,0.0000012152979319053948,0.7487422574843225,0
1968,0.0000012108548953798207,0.7467634334126975,0
1969,0.0000012064889282325282,0.7448270056656535,0
1970,0.000001202197694540474,0.7429316714352555,0
1971,0.0000011979789295532801,0.7410761662264239,0
1972,0.0000011938304376802552,0.739259262826373,0
1973,0.0000011897500905284986,0.7374797702984702,0
1974,0.0000011857358249910024,0.7357365330000513,0
1975,0.0000011817856413836519,0.7340284296237163,0
1976,0.0000011778976016300638,0.7323543722616502,0
1977,0.0000011740698274932197,0.7307133054925152,0
1978,0.0000011703004988528357,0.7291042054904544,0
1979,0.000001166587852027496,0.7275260791557817,0
1980,0.0000011629301781405006,0.7259779632668985,0
1981,0.0000011593258215284963,0.7244589236530273,0
1982,0.0000011557731781918798,0.7229680543873189,0
1983,0.0000011522706942860665,0.7215044769999267,0
1984,0.000001148816864652662,0.7200673397106264,0
1985,0.000001145410231389639,0.7186558166805771,0
1986,0.000001142049382459617,0.7172691072828238,0
1987,0.0000011387329503353616,0.7159064353911414,0
1988,0.0000011354596106816373,0.7145670486868352,0
1989,0.0000011322280810725613,0.7132502179831103,0
1990,0.000001129037119743636,0.7119552365666374,0
1991,0.0000011258855243776218,0.7106814195559383,0
1992,0.0000011227721309234611,0.7094281032762271,0
1993,0.0000011196958124474647,0.7081946446503501,0
1994,0.000001116655478015979,0.7069804206054655,0
1995,0.000001113650071608784,0.705784827495119,0
1996,0.0000011106785710624768,0.70460728053637,0
1997,0.0000011077399870431088,0.7034472132616344,0
1998,0.0000011048333620473664,0.7023040769849097,0
1999,0.0000011019577694315938,0.7011773402820618,0
2000,0.0000010991123124679696,0.7000664884848496,0
