"t_orbit","x_corot","y_corot","vx","vy","omega_bary","r1","r2","dist_to_L1"
0,0.9323626271653943,0.02,-2.568526530109624e-24,-1.4038543373233148e-21,-1.504942324353821e-21,0.9335308921205487,0.0696180451650219,0.02
0.0006754534527714864,0.9323623960373022,0.019999448846885044,-0.00010863135628750313,-0.0002586530375710365,-0.00027479088129862714,0.9335306492377405,0.0696181082164195,0.019999448848220587
0.0013509069055429729,0.9323617028635054,0.01999780297162597,-0.00021901004757771537,-0.0005165439004403548,-0.0005487253518356754,0.933529920964128,0.06961829937796725,0.019997802992986664
0.0020263603583144593,0.9323605364854455,0.019995064676764027,-0.0003310419735704617,-0.0007737095222407638,-0.0008218460476246079,0.9335286961987135,0.06961863008978961,0.019995064786064564
0.0027018138110859458,0.9323588874789259,0.019991238253466846,-0.0004458036717391161,-0.0010296256524512481,-0.0010935670933064296,0.9335269656207886,0.06961911076209802,0.019991238603251454
0.0033772672638574318,0.9323567495254023,0.019986326671740086,-0.0005620825938756246,-0.0012847865394505743,-0.001364447140404389,0.9335247229899687,0.0696197485107002,0.019986327535997227
0.004052720716628919,0.9323541123002348,0.01998033494472602,-0.0006813161584145062,-0.001538564420778112,-0.0016337810961521125,0.9335219581080733,0.06962055493503003,0.019980336759083124
0.004728174169400405,0.9323509632325369,0.019973269000986258,-0.0008028917576610982,-0.001791153784723339,-0.0019017925114383797,0.9335186585543284,0.06962154410812087,0.019973272406721147
0.0054036276221718915,0.9323472945388064,0.01996513317305714,-0.0009263587224374884,-0.002042702725369447,-0.0021686514805442296,0.9335148166635759,0.06962272511771546,0.019965139060556147
0.006079081074943377,0.9323430972024336,0.019955932127626305,-0.001052015548910465,-0.0022931180791572123,-0.002434252266380156,0.9335104235484311,0.06962410838713859,0.019955941684167176
0.0067545345277148635,0.9323383619435364,0.019945671038170455,-0.0011798567658320787,-0.00254225387654586,-0.002698439519492223,0.9335054700725154,0.06962570479524834,0.019945685798284887
0.007429987980486352,0.9323330794851233,0.019934355140069623,-0.0013098853174949975,-0.0027902021282023392,-0.0029613128469218072,0.9334999471069729,0.06962752529333979,0.019934377038569068
0.008105441433257837,0.9323272405513262,0.019921989712676096,-0.001442096976123359,-0.0030368182237689445,-0.003222718360095135,0.9334938455282575,0.06962958090123746,0.019922021140547648
0.008780894886029324,0.9323208358778377,0.019908580448841553,-0.001576492870394046,-0.003282138242994211,-0.003482695777697504,0.9334871562363849,0.06963188280247418,0.019908624312084244
0.00945634833880081,0.9323138561935884,0.019894132810328778,-0.0017130721941808365,-0.003526128118199924,-0.0037412096749256016,0.933479870122785,0.06963444217680353,0.01989419259187693
0.010131801791572297,0.9323062922366563,0.019878652645797485,-0.0018518333014925184,-0.003768715643779725,-0.003998183771705346,0.9334719780993221,0.06963727036112768,0.019878732470569326
0.010807255244343783,0.9322981347513648,0.019862146020150632,-0.0019927748021093907,-0.004009852662488236,-0.004253567577014368,0.933463471091668,0.069640378802644,0.019862250723350888
0.01148270869711527,0.932289374479557,0.019844619038783234,-0.0021358985312133465,-0.0042495553884955095,-0.004507379553932595,0.9334543400267552,0.06964377901629912,0.01984475423759187
0.012158162149886754,0.9322800021637611,0.01982607792708043,-0.002281202596631211,-0.004487757454853386,-0.004759549725713538,0.9334445758375596,0.06964748260374763,0.019826250095808857
0.012833615602658242,0.9322700085499145,0.019806529111477792,-0.002428687709686811,-0.004724436686906671,-0.005010055447573977,0.9334341694674642,0.06965150127302147,0.019806745660298428
0.013509069055429727,0.9322593843814738,0.019785979121955864,-0.0025783535193040176,-0.00495955744735347,-0.005258859676257611,0.9334231118622137,0.06965584681554908,0.01978624847935821
0.014184522508201215,0.9322481204044114,0.01976443465133336,-0.0027302000607778844,-0.005193083738360153,-0.005505924983221174,0.9334113939760841,0.06966053111736645,0.01976476635038061
0.014859975960972703,0.9322362073615988,0.019741902539935824,-0.002884228005636945,-0.005424980997211031,-0.005751215473621125,0.9333990067658526,0.0696655661592044,0.01974230730849655
0.015535429413744186,0.932223635996187,0.019718389774511295,-0.00304043710273953,-0.005655214736949586,-0.005994695363562623,0.9333859411940656,0.06967096401197302,0.019718879629549678
0.016210882866515675,0.9322103970485238,0.019693903488504808,-0.0031988287037536174,-0.005883750335763721,-0.0062363286962154926,0.9333721882258704,0.06967673683878942,0.019694491834597417
0.01688633631928716,0.9321964812558831,0.019668450962071957,-0.00335940276879365,-0.006110553282783783,-0.006476079672572296,0.9333577388286517,0.0696828968941983,0.019669152694274265
0.017561789772058647,0.932181879353841,0.019642039621959827,-0.0035221605205761172,-0.006335588988059969,-0.0067139123867605375,0.9333425839733108,0.06968945652173467,0.01964287123314769
0.018237243224830134,0.9321665820722985,0.019614677041731417,-0.0036871030388584193,-0.00655882286529893,-0.006949790945903975,0.9333267146301967,0.06969642815668235,0.0196156567346075
0.01891269667760162,0.9321505801367507,0.019586370941751217,-0.0038542314434316686,-0.006780220334381812,-0.007183679467888284,0.9333101217702772,0.06970382432369324,0.01958751874562557
0.019588150130373107,0.9321338642679714,0.0195571291890205,-0.004023546936719606,-0.006999746842054077,-0.007415542101805195,0.9332927963647208,0.06971165763584636,0.01955846708152955
0.020263603583144593,0.9321164251801596,0.01952695979738818,-0.00419505128768253,-0.007217367764926663,-0.007645342912290074,0.9332747293829469,0.06971994079525191,0.019528511831328768
0.02093905703591608,0.9320982535808324,0.019495870927448516,-0.0043687459193871535,-0.007433048564874979,-0.007873046065912557,0.9332559117924139,0.06972868659185327,0.019497663362873674
0.021614510488687566,0.9320793401704676,0.01946387088648467,-0.004544632751440445,-0.0076467546451898126,-0.008098615657177795,0.9332363345581575,0.06973790790244613,0.019465932328230268
0.02228996394145905,0.9320596756411431,0.019430968128561262,-0.004722713800355574,-0.00785845144563427,-0.008322015818663648,0.933215988641327,0.06974761769066487,0.019433329669390414
0.02296541739423054,0.9320392506760268,0.01939717125438206,-0.004902991247382918,-0.008068104405228711,-0.008543210678782756,0.9331948649985656,0.06975782900605217,0.01939986662391526
0.023640870847002025,0.9320180559486884,0.019362489011358463,-0.005085467449292491,-0.008275678966845005,-0.008762164365656029,0.9331729545812167,0.06976855498332139,0.019365554730974257
0.02431632429977351,0.931996082122224,0.01932693029345574,-0.00527014496857089,-0.008481140609459073,-0.008978841040215442,0.9331502483343358,0.06977980884170298,0.019330405837352974
0.024991777752545,0.9319733198485793,0.019290504141207393,-0.005457026508111911,-0.008684454791719764,-0.009193204836312257,0.9331267371959049,0.06979160388411144,0.019294432103818582
0.025667231205316485,0.9319497597677485,0.019253219741622887,-0.005646114998253267,-0.008885587029214406,-0.00940521994081495,0.9331024120959179,0.06980395349636881,0.01925764601157826
0.02634268465808797,0.9319253925069487,0.0192150864280737,-0.005837413519571356,-0.009084502822435059,-0.009614850517229148,0.9330772639554412,0.06981687114641126,0.01922006036891893
0.027018138110859454,0.9319002086799125,0.019176113680291096,-0.006030925363605155,-0.0092811677163075,-0.009822060767347075,0.9330512836857925,0.06983037038338105,0.019181688318163304
0.02769359156363094,0.9318741988859641,0.0191363111241445,-0.006226654008882719,-0.009475547276629253,-0.010026814905656278,0.9330244621874991,0.06984446483683333,0.01914254334262309
0.02836904501640243,0.9318473537093257,0.019095688531662033,-0.006424603112713873,-0.009667607080755331,-0.010229077148661532,0.9329967903494892,0.0698591682157568,0.01910263927400551
0.029044498469173917,0.9318196637181994,0.019054255820797696,-0.006624776555131834,-0.009857312769502708,-0.010428811768724174,0.932968259048054,0.06987449430770966,0.019061990299792747
0.029719951921945407,0.931791119463989,0.019012023055363283,-0.006827178377563997,-0.010044629971899947,-0.010625983013810819,0.9329388591459511,0.06989045697783627,0.01902061097100802
0.03039540537471689,0.9317617114804619,0.01896900044488282,-0.007031812853457988,-0.010229524397305678,-0.01082055520387072,0.9329085814914462,0.06990707016789079,0.018978516210135143
0.031070858827488373,0.9317314302828562,0.01892519834437149,-0.007238684431106962,-0.010411961757588926,-0.011012492647715788,0.9328774169172981,0.06992434789526474,0.018935721319197935
0.03174631228025986,0.9317002663671091,0.018880627254287158,-0.007447797772304191,-0.010591907823551827,-0.01120175970179513,0.9328453562398679,0.06994230425191625,0.018892241988245757
0.03242176573303135,0.9316682102089058,0.018835297820202643,-0.007659157744361733,-0.010769328414091565,-0.011388320757835812,0.9328123902580412,0.06996095340337073,0.018848094303806663
0.033097219185802836,0.9316352522628993,0.018789220832758656,-0.00787276940414657,-0.0109441893685258,-0.01157214021257295,0.9327785097523291,0.06998030958760611,0.01880329475785963
0.03377267263857432,0.931601382961782,0.018742407227350766,-0.008088638037040477,-0.011116456619443865,-0.011753182544139436,0.9327437054838117,0.07000038711398487,0.018757860256793248
0.03444812609134581,0.9315665927154324,0.01869486808395899,-0.008306769110090656,-0.011286096100166093,-0.011931412212851602,0.9327079681931628,0.07002120036212735,0.01871180813075408
0.035123579544117295,0.9315308719100499,0.01864661462694606,-0.008527168319475788,-0.011453073847400937,-0.012106793769382158,0.9326712885996589,0.07004276378076615,0.01866515614321594
0.035799032996888774,0.9314942109072274,0.018597658224716034,-0.008749841556793047,-0.011617355923645932,-0.01227929177127062,0.9326336574001244,0.07006509188660057,0.018617922500665764
0.03647448644966027,0.9314566000431215,0.018548010389608228,-0.008974794926759613,-0.011778908462337506,-0.012448870830018803,0.9325950652679794,0.07008819926309925,0.0185701258627751
0.037149939902431754,0.931418029627511,0.01849768277748414,-0.009202034748670433,-0.011937697675078279,-0.012615495617845897,0.9325555028521684,0.07011210055930922,0.018521785352524973
0.03782539335520324,0.9313784899429204,0.018446687187511895,-0.009431567549627599,-0.01209368982673916,-0.012779130840129126,0.932514960776158,0.07013681048863632,0.01847292056678029
0.03850084680797473,0.9313379712437335,0.01839503556187606,-0.009663400063753023,-0.012246851253547374,-0.012939741253835214,0.9324734296369249,0.0701623438275981,0.018423551587044215
0.039176300260746214,0.9312964637552866,0.01834273998545053,-0.009897539246776927,-0.012397148379375398,-0.013097291683690308,0.9324309000039204,0.07018871541457057,0.018373698990429177
0.03985175371351769,0.9312539576729602,0.018289812685462408,-0.010133992256373571,-0.012544547690312748,-0.013251746994291741,0.9323873624180353,0.07021594014851944,0.018323383860869038
0.040527207166289186,0.9312104431613067,0.018236266031201532,-0.010372766467740227,-0.0126890157615645,-0.013403072117622313,0.9323428073906023,0.07024403298769467,0.018272627800621073
0.04120266061906067,0.931165910353118,0.018182112533617227,-0.010613869468132702,-0.012830519253857565,-0.013551232048276511,0.9322972254023337,0.07027300894834272,0.018221452941900803
0.04187811407183216,0.9311203493485513,0.018127364844984277,-0.010857309052911063,-0.012969024911044305,-0.01369619183992424,0.9322506069023223,0.07030288310336805,0.01816988195881834
0.042553567524603646,0.9310737502142166,0.01807203575851319,-0.011103093233895106,-0.013104499571718569,-0.013837916616549166,0.9322029423070017,0.07033367058100917,0.01811793807949063
0.04322902097737513,0.931026102982285,0.018016138207954245,-0.011351230229123401,-0.01323691016821653,-0.013976371570523392,0.9321542219991276,0.07036538656348486,0.018065645098366806
0.04390447443014661,0.9309773976495964,0.01795968526719149,-0.011601728471261065,-0.0133662237302654,-0.014111521965270256,0.9321044363267599,0.0703980462856317,0.018013027388754304
0.0445799278829181,0.9309276241767602,0.017902690149820093,-0.011854596599430922,-0.01349240738941428,-0.014243333139101498,0.9320535756022381,0.07043166503353873,0.017960109915528193
0.045255381335689585,0.9308767724872802,0.01784516620870839,-0.0121098434629014,-0.01361542838151751,-0.014371770506704703,0.9320016301011805,0.07046625814315235,0.017906918248009662
0.04593083478846108,0.9308248324666564,0.017787126935547612,-0.012367478119292475,-0.013735254050704502,-0.014496799562329491,0.9319485900614618,0.07050184099889749,0.017853478573005035
0.046606288241232564,0.930771793961519,0.017728585960384836,-0.01262750983002821,-0.013851851852531386,-0.01461838588213877,0.931894445682223,0.07053842903226376,0.017799817707979667
0.04728174169400405,0.930717646778746,0.017669557051143626,-0.012889948065862848,-0.013965189357381837,-0.014736495126608691,0.9318391871228663,0.07057603772040529,0.017745963114355813
0.04795719514677554,0.930662380684599,0.01761005411312855,-0.013154802496434432,-0.014075234253977286,-0.014851093043360653,0.9317828045020681,0.07061468258472166,0.017691942910906436
0.04863264859954702,0.9306059854038657,0.017550091188516807,-0.013422082997629486,-0.014181954352584146,-0.01496214546929054,0.9317252878968005,0.07065437918943401,0.017637785887225227
0.04930810205231852,0.9305484506189967,0.017489682455834137,-0.013691799642695042,-0.014285317588602898,-0.015069618333426888,0.9316666273413481,0.07069514314016838,0.017583521517244818
0.04998355550509,0.9304897659692745,0.01742884222941804,-0.013963962703811051,-0.014385292025558686,-0.015173477658918931,0.9316068128263567,0.07073699008251311,0.017529179972773316
0.05065900895786148,0.930429921049961,0.01736758495886516,-0.014238582650722881,-0.014481845859002708,-0.015273689566050137,0.931545834297864,0.07077993570060219,0.017474792137019326
0.05133446241063297,0.9303689054114838,0.017305925228466062,-0.01451567014347774,-0.014574947418972264,-0.0153702202738069,0.9314836816563674,0.07082399571567016,0.01742038961806751
0.05200991586340445,0.9303067085586103,0.017243877756625264,-0.014795236038275948,-0.014664565174357169,-0.015463036103218034,0.9314203447558843,0.07086918588462651,0.017366004762269193
0.05268536931617594,0.9302433199496425,0.01718145739526695,-0.015077291375103037,-0.014750667734958256,-0.01555210347856485,0.9313558134030313,0.07091552199862339,0.01731167066750379
0.05336082276894743,0.9301787289956279,0.017118679129229146,-0.015361847383950375,-0.014833223855745153,-0.015637388930567344,0.9312900773561238,0.07096301988161956,0.01725742119626842
0.05403627622171891,0.9301129250595641,0.01705555807564036,-0.015648915475693356,-0.01491220243944421,-0.01571885909806744,0.931223126324268,0.07101169538896597,0.017203290988543965
0.054711729674490395,0.9300458974556434,0.016992109483288217,-0.015938507241159923,-0.014987572539512477,-0.015796480729947153,0.9311549499664975,0.07106156440596974,0.01714931547438836
0.05538718312726188,0.9299776354484804,0.016928348731969,-0.01623063445027781,-0.01505930336428171,-0.01587022068828846,0.9310855378908931,0.07111264284649221,0.017095530886196666
0.056062636580033375,0.9299081282523813,0.016864291331829272,-0.01652530904218995,-0.015127364278079232,-0.015940045948444004,0.9310148796537452,0.07116494665152907,0.017041974270570703
0.05673809003280486,0.9298373650306089,0.01679995292269185,-0.016822543130983955,-0.01519172480674486,-0.016005923603510736,0.9309429647587165,0.07121849178781513,0.01698868349973133
0.05741354348557635,0.9297653348946685,0.016735349273368668,-0.017122348992117616,-0.01525235463792926,-0.016067820863554412,0.9308697826560253,0.07127329424643383,0.016935697282403614
0.058088996938347834,0.9296920269036195,0.01667049628096581,-0.017424739066762143,-0.015309223626084946,-0.0161257050595114,0.9307953227416574,0.07132937004142938,0.01688305517410538
0.05876445039111931,0.9296174300633812,0.016605409970168464,-0.01772972595295265,-0.01536230179423781,-0.016179543643869355,0.9307195743565747,0.07138673520844993,0.016830797586753623
0.059439903843890814,0.9295415333260855,0.016540106492524295,-0.01803732240199527,-0.015411559336277563,-0.016229304191784102,0.9306425267859729,0.07144540580337787,0.016778965797516563
0.06011535729666229,0.9294643255894177,0.01647460212570504,-0.018347541317933733,-0.015456966621667513,-0.01627495440472265,0.9305641692585289,0.07150539790100162,0.016727601956813578
0.06079081074943378,0.9293857956960001,0.01640891327276492,-0.018660395745807943,-0.015498494194662224,-0.01631646210839518,0.9304844909456945,0.07156672759368089,0.01667674909538116
0.06146626420220526,0.929305932432781,0.01634305646138467,-0.018975898876254674,-0.015536112780952115,-0.01635379525834349,0.9304034809609981,0.07162941099004147,0.016626451130304174
0.062141717654976746,0.9292247245304441,0.01627704834310276,-0.019294064031759293,-0.01556979328613834,-0.016386921937073102,0.930321128359368,0.07169346421368764,0.016576752869911872
0.06281717110774823,0.9291421606628509,0.016210905692544682,-0.019614904668561733,-0.015599506800920631,-0.01641581035808794,0.9302374221364933,0.07175890340192308,0.016527700017442887
0.06349262456051973,0.9290582294464819,0.016144645406629545,-0.019938434368390268,-0.015625224602381124,-0.016440428865899664,0.9301523512281854,0.0718257447045118,0.016479339173357598
0.0641680780132912,0.9289729194399254,0.016078284503782275,-0.020264666832413722,-0.015646918154895748,-0.01646074593557178,0.9300659045097902,0.07189400428243836,0.016431717836205336
0.0648435314660627,0.9288862191433653,0.016011840123122883,-0.02059361588066751,-0.015664559115640124,-0.01647673017708587,0.9299780707956022,0.0719636983067119,0.016384884401913713
0.06551898491883418,0.9287981169981069,0.01594532952365661,-0.02092529543925483,-0.015678119331569713,-0.016488350330739806,0.9298888388383202,0.07203484295718052,0.016338888161398574
0.06619443837160567,0.9287086013861212,0.01587877008345338,-0.02125971954321073,-0.015687570846882652,-0.016495575273514165,0.9297981973285242,0.07210745442137624,0.01629377929636849
0.06686989182437716,0.9286176606296068,0.015812179298813893,-0.02159690232321678,-0.01569288589989705,-0.016498374014324566,0.9297061348941733,0.07218154889339182,0.01624960887320082
0.06754534527714864,0.928525282990592,0.015745574783441373,-0.021936858004973733,-0.015694036927740383,-0.0164967156974248,0.9296126401001472,0.07225714257277235,0.0162064288347814
0.06822079872992012,0.9284314566705392,0.015678974267588547,-0.022279600901599857,-0.01569099656753474,-0.016490569602146374,0.929517701447794,0.07233425166345474,0.016164291990165343
0.06889625218269162,0.9283361698099989,0.015612395597217343,-0.02262514540566458,-0.015683737655334894,-0.01647990514020006,0.92942130737453,0.07241289237271775,0.016123252001963788
0.06957170563546311,0.928239410488269,0.01554585673313663,-0.022973505988083117,-0.015672233232493702,-0.016464691860828204,0.9293234462534494,0.07249308091018059,0.016083363371314285
0.07024715908823459,0.9281411667230919,0.015479375750143706,-0.0233246971851651,-0.01565645654034588,-0.01644489944356921,0.9292241063929756,0.07257483348682431,0.016044681420335563
0.07092261254100607,0.9280414264703774,0.015412970836161069,-0.02367873359920889,-0.015636381027947968,-0.016420497704813162,0.9291232760365412,0.07265816631404856,0.016007262271949152
0.07159806599377755,0.9279401776239435,0.015346660291358808,-0.02403562988643547,-0.0156119803478107,-0.01639145659163074,0.9290209433622908,0.07274309560276948,0.015971162826953062
0.07227351944654904,0.9278374080153009,0.015280462527290982,-0.02439540075383205,-0.015583228359348658,-0.016357746183727966,0.9289170964828309,0.07282963756254247,0.015936440738267627
0.07294897289932054,0.9277331054134453,0.01521439606600652,-0.024758060952066827,-0.015550099130315482,-0.01631933669327933,0.9288117234449924,0.0729178084007355,0.015903154382231322
0.07362442635209202,0.9276272575246967,0.015148479539178843,-0.025123625266647926,-0.015512566933425169,-0.016276198459578266,0.9287048122296427,0.07300762432172833,0.015871362826895524
0.07429987980486351,0.927519851992553,0.015082731687217053,-0.025492108515475027,-0.01547060625336903,-0.016228301954752094,0.9285963507515189,0.0730991015261596,0.015841125797217477
0.07497533325763499,0.9274108763975795,0.015017171358382287,-0.025863525536817544,-0.015424191779489442,-0.01617561777416343,0.9284863268590982,0.07319225621021042,0.015812503637108583
0.07565078671040648,0.9273003182573272,0.014951817507907056,-0.026237891187441277,-0.01537329841309022,-0.016118116642381042,0.9283747283345045,0.07328710456492775,0.01578555726828964
0.07632624016317797,0.927188165026274,0.014886689197099309,-0.0266152203319755,-0.015317901262582152,-0.016055769406167826,0.9282615428934403,0.07338366277559519,0.01576034814590791
0.07700169361594945,0.9270744040958061,0.014821805592468418,-0.02699552783789878,-0.015257975645082635,-0.01598854703429923,0.9281467581851642,0.0734819470211392,0.015736938210930772
0.07767714706872093,0.9269590227942164,0.014757185964826985,-0.027378828568541628,-0.015193497088291342,-0.015916420617689938,0.9280303617924903,0.07358197347358696,0.015715389839284923
0.07835260052149243,0.9268420083867437,0.014692849688415584,-0.027765137374450292,-0.015124441324787212,-0.01583936136134775,0.9279123412318325,0.07368375829756217,0.015695765787802893
0.0790280539742639,0.9267233480756346,0.01462881624001491,-0.028154469089007126,-0.01505078429922875,-0.0157573405901433,0.9277926839532775,0.07378731764983083,0.015678129136996063
0.07970350742703539,0.926603029000238,0.014565105198063357,-0.028546838518357997,-0.014972502159604642,-0.015670329737447617,0.9276713773406934,0.07389266767889087,0.015662543230737576
0.08037896087980687,0.9264810382371309,0.014501736241785867,-0.028942260436947417,-0.01488957126335891,-0.015578300349689746,0.9275484087118768,0.07399982452460938,0.015649071612955073
0.08105441433257837,0.9263573628002706,0.014438729150307562,-0.02934074957850883,-0.0148019681725049,-0.015481224079086949,0.92742376531873,0.07410880431790698,0.015637777961429372
0.08172986778534987,0.9262319896411817,0.014376103801795685,-0.02974232063008741,-0.014709669653018807,-0.01537907268091012,0.9272974343474792,0.07421962318049118,0.015628726018882284
0.08240532123812135,0.9261049056491691,0.014313880172580947,-0.03014698822445116,-0.014612652677113246,-0.01527181801385848,0.9271694029189219,0.07433229722463726,0.015621979521482974
0.08308077469089283,0.9259760976515645,0.014252078336303957,-0.03055476693303118,-0.014510894415587327,-0.01515943202968487,0.9270396580887158,0.07444684255301927,0.015617602125011492
0.08375622814366432,0.9258455524140002,0.01419071846305648,-0.0309656712590102,-0.014404372244525728,-0.015041886778278895,0.926908186847699,0.07456327525859115,0.015615657328879567
0.08443168159643578,0.9257132566407154,0.014129820818527811,-0.031379715629967525,-0.014293063735915169,-0.014919154395366925,0.9267749761222479,0.07468161142451607,0.015616208398269127
0.08510713504920729,0.92557919697489,0.014069405763170059,-0.03179691439128459,-0.01417694666193749,-0.014791207104935191,0.9266400127746691,0.0748018671241503,0.015619318284680937
0.08578258850197877,0.9254433599990114,0.014009493751349847,-0.032217281798373784,-0.01405599899046934,-0.014658017212149767,0.9265032836036292,0.07492405842107219,0.01562504954516609
0.08645804195475026,0.9253057322352669,0.013950105330532217,-0.03264083201095509,-0.013930198882273898,-0.014519557098037886,0.9263647753446163,0.07504820136916993,0.01563346426061099
0.08713349540752174,0.9251663001459691,0.013891261140449859,-0.03306757908440493,-0.013799524693371224,-0.014375799219783724,0.9262244746704398,0.07517431201277378,0.015644623953380322
0.08780894886029322,0.9250250501340095,0.013832981912297372,-0.03349753696498834,-0.013663954966152407,-0.014226716098768634,0.9260823681917654,0.07530240638684416,0.015658589504723992
0.08848440231306472,0.9248819685433384,0.01377528846792845,-0.03393071948079898,-0.013523468434818211,-0.014072280324129181,0.925938442457681,0.075432500517213,0.015675421072315166
0.0891598557658362,0.9247370416594802,0.013718201719057962,-0.03436714033694002,-0.013378044016190523,-0.01391246454040972,0.9257926839563048,0.07556461042087008,0.01569517800831745
0.08983530921860769,0.9245902557100679,0.013661742666488697,-0.03480681310789831,-0.013227660811781306,-0.013747241447395569,0.9256450791154183,0.07569875210631356,0.01571791877841752
0.09051076267137917,0.9244415968654159,0.013605932399328098,-0.0352497512304118,-0.013072298103861084,-0.013576583793423325,0.9254956143031443,0.07583494157393822,0.01574370088220243
0.09118621612415068,0.924291051239111,0.01355079209423825,-0.03569596799917254,-0.012911935350845222,-0.013400464367875146,0.9253442758286489,0.07597319481649041,0.015772580775352697
0.09186166957692216,0.9241386048886386,0.01349634301467861,-0.0361454765566998,-0.012746552189255876,-0.013218856000847531,0.9251910499428844,0.07611352781956351,0.01580461379402982
0.09253712302969365,0.9239842438160322,0.013442606510172272,-0.03659828989160382,-0.012576128424498904,-0.013031731550557785,0.9250359228393636,0.07625595656215166,0.015839854081909806
0.09321257648246513,0.9238279539685471,0.01338960401558246,-0.03705442082773128,-0.01240064403441596,-0.012839063904682665,0.9248788806549635,0.07640049701725682,0.015878354520260717
0.09388802993523661,0.9236697212393703,0.013337357050394594,-0.03751388202159987,-0.012220079160953523,-0.012640825968679728,0.9247199094707708,0.0765471651525376,0.015920166661452188
0.0945634833880081,0.9235095314683396,0.013285887218025911,-0.03797668595490894,-0.012034414109994713,-0.01243699066298582,0.9245589953129458,0.07669597693102702,0.015965340666309415
0.09523893684077958,0.923347370442708,0.013235216205130546,-0.038442844927452605,-0.011843629347905367,-0.012227530916623498,0.9243961241536361,0.07684694831187946,0.016013925245625796
0.09591439029355107,0.9231832238979136,0.013185365780936096,-0.038912371055224514,-0.011647705495855289,-0.012012419658284895,0.9242312819119031,0.07700009525119023,0.01606596760622016
0.09658984374632255,0.9230170775183881,0.013136357796580905,-0.03938527625873073,-0.01144662333075368,-0.01179162981469808,0.9240644544546939,0.07715543370284908,0.016121513401801
0.09726529719909403,0.9228489169383834,0.013088214184472638,-0.03986157226448726,-0.011240363776642696,-0.011565134298424488,0.9238956275978388,0.07731297961945022,0.016180606688939753
0.09794075065186554,0.922678727742816,0.013040956957662386,-0.04034127059315762,-0.011028907905986698,-0.011332906006547907,0.9237247871070725,0.07747274895325754,0.016243289888388232
0.09861620410463703,0.9225064954681496,0.012994608209226424,-0.040824382558697005,-0.010812236932590159,-0.01109491781009469,0.9235519186991014,0.07763475765720178,0.016309603751922593
0.09929165755740851,0.922332205603277,0.012949190111675066,-0.041310919262126544,-0.0105903322095821,-0.010851142548992427,0.9233770080426765,0.07779902168595047,0.01637958733491449
0.09996711101018,0.9221558435904484,0.012904724916363812,-0.0418008915839955,-0.010363175226106892,-0.010601553025615832,0.9232000407597203,0.07796555699699916,0.01645327797470175
0.10064256446295149,0.9219773948261983,0.012861234952932035,-0.0422943101855671,-0.010130747601533154,-0.01034612199547643,0.9230210024264598,0.07813437955183268,0.01653071127488477
0.10131801791572297,0.9217968446623065,0.012818742628749538,-0.0427911854958286,-0.009893031084797691,-0.010084822163662693,0.9228398785745999,0.07830550531711818,0.016611921095546937
0.10199347136849446,0.9216141784067757,0.012777270428382422,-0.04329152771592482,-0.009650007547225474,-0.009817626173909832,0.9226566546925223,0.07847895026594666,0.0166969395494104
0.10266892482126594,0.9214293813248182,0.012736840913076756,-0.04379534680739935,-0.009401658981544657,-0.009544506604600104,0.9224713162264992,0.07865473037912979,0.016785797003880998
0.1033443782740374,0.9212424386398813,0.012697476720253457,-0.04430265249228023,-0.009147967496121184,-0.009265435959367178,0.9222838485819547,0.07883286164651854,0.01687852208886576
0.1040198317268089,0.9210533355346622,0.012659200563026692,-0.044813454249120546,-0.008888915311825072,-0.008980386660583551,0.9220942371247215,0.07901336006839416,0.016975141710273974
0.10469528517958039,0.920862057152168,0.012622035229731746,-0.04532776130468055,-0.008624484758386678,-0.00868933104232751,0.9219024671823531,0.07919624165687193,0.01707568106898552
0.10537073863235188,0.920668588596769,0.012586003583475277,-0.04584558263857399,-0.008354658269492362,-0.008392241341755322,0.9217085240454341,0.07938152243736935,0.017180163685126752
0.10604619208512336,0.920472914935278,0.012551128561698571,-0.04636692696939915,-0.008079418380160243,-0.008089089693192133,0.9215123929689261,0.07956921845010366,0.01728861142738947
0.10672164553789486,0.9202750211980474,0.012517433175759027,-0.046891802761587685,-0.007798747721532332,-0.007779848119076527,0.9213140591735383,0.07975934575162501,0.01740104454713664
0.10739709899066634,0.920074892380062,0.012484940510528335,-0.04742021821478091,-0.007512629017974664,-0.007464488523638417,0.9211135078471031,0.07995192041640563,0.017517481717019053
0.10807255244343782,0.9198725134420738,0.012453673724006522,-0.047952181264210046,-0.0072210450824035195,-0.007142982684453888,0.9209107241459997,0.08014695853843823,0.017637940073758344
0.10874800589620931,0.919667869311714,0.01242365604695347,-0.048487699579708436,-0.0069239788129746745,-0.006815302245468862,0.9207056931965651,0.08034447623290367,0.017762435264810465
0.10942345934898079,0.9194609448846487,0.012394910782536316,-0.04902678055661631,-0.006621413188617902,-0.0064814187088540025,0.9204984000965553,0.08054448963784265,0.017890981498518758
0.11009891280175228,0.9192517250257225,0.012367461305993893,-0.04956943132347391,-0.006313331265864414,-0.006141303427985459,0.9202888299166034,0.08074701491588321,0.018023591597439922
0.11077436625452376,0.9190401945701189,0.012341331064316417,-0.05011565872840341,-0.0059997161742168445,-0.005794927599121081,0.9200769677017031,0.08095206825599367,0.01816027705445924
0.11144981970729527,0.918826338324539,0.01231654357594355,-0.050665469347389684,-0.0056805511130759824,-0.005442262254415072,0.9198627984727187,0.08115966587525819,0.018301048091330208
0.11212527316006675,0.9186101410683642,0.012293122430474814,-0.051218869475798186,-0.00535581934762269,-0.005083278254009537,0.919646307227887,0.08136982402070592,0.018445913719294257
0.11280072661283824,0.91839158755486,0.012271091288400914,-0.051775865128476956,-0.005025504204807337,-0.0047179462780832454,0.9194274789443695,0.08158255897113692,0.01859488180138258
0.11347618006560972,0.9181706625123486,0.012250473880845086,-0.0523364620420297,-0.004689589070844253,-0.004346236820474937,0.9192062985797823,0.08179788703901088,0.018747959116089598
0.1141516335183812,0.9179473506454204,0.012231294009324843,-0.052900665665283,-0.004348057385562252,-0.003968120179022297,0.9189827510737731,0.08201582457233235,0.018905151422029285
0.1148270869711527,0.9177216366361295,0.012213575545526191,-0.053468481169395926,-0.0040008926415183,-0.0035835664507685118,0.9187568213495909,0.0822363879565799,0.019066463523272938
0.11550254042392417,0.9174935051451956,0.012197342431091964,-0.0540399134354769,-0.0036480783776943163,-0.0031925455215639047,0.918528494315672,0.082459593616657,0.019231899335033855
0.11617799387669567,0.917262940813225,0.012182618677429898,-0.05461496706335174,-0.0032895981783482384,-0.0027950270609406152,0.9182977548672528,0.0826854580188512,0.01940146194938803
0.11685344732946715,0.9170299282619048,0.012169428365526185,-0.05519364636597242,-0.0029254356685926644,-0.0023909805135989993,0.9180645878879664,0.08291399767284205,0.019575153700769315
0.11752890078223863,0.9167944520952332,0.012157795645784399,-0.05577595536895038,-0.0025555745105417305,-0.0019803750914035795,0.917828978251483,0.0831452291336959,0.01975297623093387
0.11820435423501013,0.9165564969007183,0.012147744737866773,-0.05636189781595431,-0.0021799984024598266,-0.0015631797685354265,0.9175909108231289,0.08337916900391115,0.019934930553184214
0.11887980768778163,0.9163160472505998,0.012139299930557682,-0.05695147715923041,-0.0017986910718026385,-0.0011393632701656095,0.9173503704615383,0.08361583393545764,0.02012101711559147
0.1195552611405531,0.9160730877030611,0.012132485581636371,-0.05754469657142678,-0.001411636276812254,-0.0007088940701171179,0.9171073420203036,0.08385524063184206,0.020311235863027306
0.12023071459332459,0.9158276028034322,0.012127326117759532,-0.05814155893516169,-0.0010188177991707536,-0.00027174037906197145,0.9168618103496277,0.0840974058501938,0.02050558629781582
0.12090616804609608,0.9155795770854129,0.012123846034365641,-0.058742066851627785,-0.0006202194443108047,0.00017212985923693597,0.9166137602980045,0.0843423464033442,0.020704067538823534
0.12158162149886756,0.9153289950722593,0.01212206989557648,-0.05934622263818602,-0.00021582503764501048,0.000622748976009507,0.9163631767138742,0.08459007916194786,0.020906678378870253
0.12225707495163902,0.9150758412780033,0.012122022334127026,-0.059954028327323376,0.0001943815795741775,0.001080149586021653,0.9161100444473214,0.08484062105658106,0.02111341734029747
0.12293252840441052,0.9148201002086355,0.012123728051290791,-0.06056548567472327,0.0006104165488703085,0.0015443645902477648,0.9158543483517441,0.08509398907987942,0.02132428272862339
0.123607981857182,0.9145617563633025,0.012127211816826126,-0.06118059615049568,0.0010322960026527969,0.002015427188705382,0.9155960732855509,0.08535020028866382,0.02153927268416768
0.12428343530995349,0.9143007942354935,0.012132498468930053,-0.06179936095176971,0.0014600360602993266,0.0024933708804902263,0.9153352041138559,0.08560927180607915,0.021758385231589218
0.12495888876272498,0.9140371983142094,0.01213961291419517,-0.06242178099493512,0.001893652835732654,0.002978229476110893,0.9150717257101649,0.08587122082374614,0.021981618327282806
0.12563434221549646,0.9137709530851469,0.012148580127590333,-0.06304785692351783,0.002333162436236818,0.003470037100508859,0.9148056229580909,0.08613606460389796,0.022208969904581946
0.12630979566826797,0.9135020430318441,0.012159425152429999,-0.06367758910893045,0.0027785809647416864,0.003968828199797109,0.9145368807530375,0.08640382048154614,0.02244043791676696
0.12698524912103945,0.9132304526368489,0.012172173100372686,-0.06431097764912842,0.003229924524525117,0.0044746375506502095,0.9142654840039192,0.08667450586661957,0.02267602037783877
0.12766070257381093,0.9129561663828505,0.01218684915140959,-0.06494802237859579,0.0036872092153649844,0.004987500260533514,0.9139914176348533,0.0869481382461275,0.022915715401087177
0.1283361560265824,0.9126791687538167,0.012203478553869936,-0.06558872286085732,0.004150451142353352,0.005507451781571662,0.91371466658687,0.08722473518630748,0.02315952123544587
0.1290116094793539,0.9123994442361191,0.012222086624433432,-0.06623307840132876,0.004619666410121893,0.00603452790877504,0.9134352158196205,0.08750431433477142,0.023407436299664703
0.1296870629321254,0.9121169773196314,0.012242698748137545,-0.06688108804220666,0.005094871129783212,0.006568764791960399,0.9131530503130701,0.0877868934226613,0.023659459214337285
0.13036251638489688,0.911831752498843,0.01226534037840979,-0.06753275056961,0.005576081417444134,0.007110198938655233,0.9128681550692177,0.08807249026677585,0.023915588831803607
0.13103796983766836,0.9115437542739262,0.012290037037080991,-0.06818806451711328,0.006063313394413743,0.007658867218834679,0.9125805151137797,0.08836112277172027,0.024175824264002423
0.13171342329043986,0.9112529671518212,0.012316814314425871,-0.06884702816434227,0.006556583192516288,0.008214806875219298,0.9122901154979045,0.0886528089320211,0.02444016490829576
0.13238887674321134,0.9109593756472838,0.012345697869190365,-0.06950963954826973,0.007055906947903698,0.00877805552117966,0.9119969412998606,0.0889475668342528,0.024708610471348473
0.13306433019598282,0.9106629642839286,0.012376713428629095,-0.07017589645751716,0.007561300809919453,0.009348651154933189,0.9117009776267325,0.08924541465914519,0.024981160991108278
0.13373978364875433,0.9103637175952599,0.012409886788550258,-0.07084579644461934,0.008072780934120536,0.009926632156659882,0.911402209616116,0.08954637068367823,0.025257816856957074
0.1344152371015258,0.9100616201256723,0.012445243813346756,-0.07151933682389258,0.008590363487802878,0.01051203729915676,0.9111006224377947,0.08985045328317665,0.02553857882810588
0.1350906905542973,0.9097566564314561,0.012482810436052157,-0.0721965146776976,0.009114064648657511,0.011104905751113768,0.9107962012954358,0.090157680933373,0.025823448050291114
0.13576614400706877,0.909448811081762,0.012522612658371575,-0.07287732686217777,0.009643900602622862,0.011705277079526552,0.9104889314282552,0.09046807221247746,0.0261124260708601
0.13644159745984025,0.9091380686595694,0.012564676550735595,-0.07356177000634752,0.010179887549629433,0.012313191260717997,0.9101787981127,0.09078164580321396,0.026405514852301037
0.13711705091261175,0.9088244137626217,0.012609028252339324,-0.07424984052383186,0.010722041695474872,0.012928688676337875,0.9098657866641104,0.09109842049485262,0.026702716784304102
0.13779250436538323,0.908507831004348,0.01265569397118352,-0.07494153460932797,0.011270379260022381,0.01355181012711009,0.9095498824383814,0.0914184151852213,0.027004034694417846
0.13846795781815474,0.9081883050147719,0.012704699984123562,-0.07563684824997219,0.01182491646969708,0.014182596829573433,0.9092310708336243,0.09174164888269307,0.027309471857373285
0.13914341127092622,0.907865820441385,0.012756072636896789,-0.0763357772258352,0.012385669561022987,0.014821090424830896,0.9089093372918055,0.09206814070816824,0.0276190320031542
0.1398188647236977,0.907540361950021,0.012809838344172717,-0.07703831711556222,0.012952654779675204,0.015467332982480956,0.9085846673004006,0.09239790989701882,0.027932719323871258
0.14049431817646918,0.9072119142256886,0.012866023589574123,-0.07774446330374757,0.013525888376013791,0.016121367000729477,0.9082570463940196,0.09273097580102921,0.028250538479522098
0.14116977162924066,0.9068804619734,0.012924654925714932,-0.07845421098073353,0.014105386610900524,0.016783235417746126,0.9079264601560423,0.09306735789030146,0.028572494602692528
0.14184522508201214,0.9065459899189684,0.012985758974222926,-0.0791675551543377,0.014691165746210422,0.01745298160637555,0.9075928942202359,0.09340707575514587,0.028898593302272638
0.14252067853478362,0.9062084828097845,0.013049362425756108,-0.07988449064848174,0.015283242051723846,0.01813064938672855,0.9072563342723662,0.09375014910794699,0.029228840666246272
0.1431961319875551,0.905867925415579,0.013115492040026745,-0.0806050121135717,0.015881631797664796,0.018816283023169407,0.9069167660518082,0.09409659778499922,0.029563243263614862
0.1438715854403266,0.9055243025291473,0.013184174645797431,-0.08132911402921295,0.016486351255955142,0.019509927230822077,0.9065741753531341,0.09444644174832945,0.029901808145519758
0.14454703889309808,0.90517759896707,0.013255437140896251,-0.08205679070948554,0.017097416699705638,0.02021162718021059,0.906228548027712,0.0947997010874783,0.030244542845610053
0.1452224923458696,0.9048277995703913,0.01332930649220083,-0.08278803631129683,0.017714844396743163,0.020921428495393576,0.9058798699852754,0.09515639602127095,0.030591455379722743
0.14589794579864107,0.904474889205289,0.013405809735631576,-0.08352284483523105,0.018338650615026077,0.021639377265140407,0.9055281271955009,0.09551654689954754,0.03094255424491416
0.14657339925141255,0.9041188527637122,0.01348497397613035,-0.08426121013683333,0.01896885161243512,0.02236552003704993,0.9051733056895687,0.09588017420487294,0.03129784841790291
0.14724885270418403,0.9037596751639936,0.013566826387624784,-0.0850031259273006,0.0196054636418795,0.02309990382845021,0.9048153915617108,0.09624729855421858,0.03165734735296667
0.14792430615695554,0.9033973413514468,0.013651394212999242,-0.08574858578290033,0.020248502944264543,0.023842576124060273,0.9044543709707636,0.0966179407006078,0.03202106097933638
0.14859975960972702,0.9030318362989237,0.013738704764033289,-0.08649758314940818,0.020897985747453048,0.024593584880224513,0.9040902301416921,0.09699212153474296,0.03238899969813682
0.1492752130624985,0.902663145007363,0.013828785421354075,-0.08725011134732277,0.021553928266056545,0.025352978530116484,0.9037229553671233,0.09736986208658995,0.03276117437890582
0.14995066651526998,0.9022912525062986,0.013921663634357236,-0.08800616358070823,0.022216346693451912,0.026120805980426695,0.9033525330088555,0.09775118352694305,0.03313759635573902
0.15062611996804146,0.901916143854352,0.014017366921129013,-0.08876573293915925,0.02288525720630662,0.02689711662181855,0.9029789494993667,0.09813610716895096,0.033518277423088695
0.15130157342081296,0.9015378041396956,0.014115922868354504,-0.08952881240849057,0.023560675954255473,0.02768196032311871,0.9026021913433117,0.09852465446961389,0.03390322983125614
0.15197702687358444,0.9011562184804858,0.014217359131204931,-0.09029539487310968,0.024242619062951384,0.02847538744021364,0.9022222451190036,0.09891684703125088,0.03429246628160756
0.15265248032635595,0.900771372025278,0.014321703433229265,-0.091065473124799,0.024931102627649828,0.029277448814600367,0.9018390974798972,0.09931270660292861,0.0346859999215432
0.15332793377912743,0.9003832499534047,0.014428983566210963,-0.09183903986834813,0.025626142710106548,0.030088195775583096,0.9014527351560482,0.09971225508186508,0.035083844339249756
0.1540033872318989,0.8999918374753362,0.01453922739003232,-0.09261608772682318,0.026327755338413618,0.030907680145761198,0.9010631449555764,0.10011551451479227,0.035486013558260386
0.1546788406846704,0.8995971198330062,0.014652462832508237,-0.09339660925062779,0.027035956498075567,0.03173595423688943,0.900670313766108,0.10052250709929163,0.035892522031849707
0.15535429413744187,0.8991990823001147,0.014768717889213545,-0.09418059692056632,0.027750762135235404,0.0325730708591562,0.9002742285562152,0.10093325518509173,0.03630338463728403
0.15602974759021337,0.8987977101824022,0.014888020623296932,-0.09496804315783329,0.0284721881467252,0.03341908331598333,0.8998748763768423,0.10134778127533332,0.03671861666995189
0.15670520104298485,0.8983929888178936,0.015010399165268853,-0.09575894032781049,0.029200250381008826,0.0342740454108468,0.8994722443627226,0.10176610802780035,0.03713823383739043
0.15738065449575633,0.8979849035771198,0.015135881712790582,-0.0965532807483444,0.029934964632394166,0.03513801144673341,0.899066319733788,0.10218825825611413,0.03756225225323149
0.1580561079485278,0.8975734398633025,0.015264496530427612,-0.09735105669616663,0.030676346636262713,0.036011036226721235,0.8986570897965631,0.10261425493089703,0.03799068843108087
0.15873156140129932,0.8971585831125205,0.015396271949404112,-0.09815226041242606,0.031424412068645574,0.03689317505941682,0.8982445419455574,0.10304412118089538,0.03842355927834754
0.15940701485407077,0.8967403187938392,0.015531236367328213,-0.09895688411164681,0.03217917653690501,0.037784483754583376,0.8978286636646398,0.10347788029407262,0.0388608820900399
0.16008246830684225,0.8963186324094158,0.015669418247904323,-0.09976491998579404,0.03294065558141773,0.03868501863096251,0.8974094425284093,0.10391555571866404,0.03930267454253927
0.16075792175961373,0.8958935094945757,0.015810846120631758,-0.10057636021369439,0.033708864666289466,0.03959483651200928,0.8969868662035545,0.1043571710641964,0.039748954687366445
0.16143337521238524,0.8954649356178562,0.015955548580474252,-0.10139119696584056,0.034483819178350944,0.040513994730798475,0.8965609224502004,0.10480275010247436,0.04019974094495059
0.16210882866515675,0.895032896381028,0.016103554287526578,-0.10220942241237195,0.03526553442186956,0.04144255113025071,0.8961315991232528,0.10525231676852687,0.04065505209841184
0.16278428211792823,0.8945973774190786,0.016254891966646083,-0.10303102872993153,0.03605402561259025,0.04238056406261484,0.8956988841737252,0.10570589516152396,0.041114907287368795
0.16345973557069973,0.8941583644001753,0.01640959040707901,-0.10385600810758076,0.03684930787676777,0.04332809239453933,0.8952627656500634,0.1061635095456519,0.04157932600177643
0.1641351890234712,0.8937158430255918,0.016567678462059143,-0.10468435275550092,0.037651396241897464,0.04428519550295718,0.8948232316994565,0.10662518435095739,0.04204832807580663
0.1648106424762427,0.8932697990296092,0.016729185048388273,-0.10551605490989767,0.0384603056368045,0.045251933281382696,0.8943802705691412,0.10709094417415375,0.04252193368177471
0.16548609592901417,0.892820218179387,0.016894139146002164,-0.10635110684195569,0.03927605088311269,0.046228366136687536,0.893933870607697,0.10756081377939165,0.043000163324121904
0.16616154938178565,0.892367086274801,0.017062569797505808,-0.10718950086334875,0.040098646692613,0.0472145549924322,0.8934840202663309,0.10803481809899627,0.043483037833457305
0.16683700283455716,0.8919103891482578,0.01723450610770144,-0.10803122933408783,0.04092810766227008,0.04821056128963907,0.8930307081001571,0.10851298223416558,0.0439705783606659
0.16751245628732864,0.8914501126644719,0.01740997724308297,-0.10887628466955755,0.041764448267552205,0.049216446985698395,0.8925739227694635,0.10899533145563765,0.04446280637108785
0.16818790974010012,0.8909862427202193,0.017589012431319433,-0.10972465934677066,0.042607682860708804,0.050232274558834215,0.8921136530409749,0.10948189120431848,0.04495974363877122
0.16886336319287157,0.8905187652440568,0.017771640960712196,-0.11057634591293854,0.04345782566186275,0.05125810700459778,0.891649887789104,0.10997268709187781,0.04546141224080507
0.16953881664564308,0.8900476661960128,0.017957892179630317,-0.11143133699085053,0.044314890757610845,0.052294007840740904,0.8911826159971964,0.11046774490130881,0.045967834551733075
0.17021427009841458,0.8895729315672489,0.018147795495929802,-0.11228962528756765,0.045178892093191377,0.053340041104979245,0.8907118267587681,0.11096709058745251,0.04647903323805297
0.17088972355118606,0.8890945473796881,0.018341380376342035,-0.11315120360036253,0.046049843468619206,0.05439627135717543,0.8902375092787331,0.11147075027748923,0.04699503125280273
0.17156517700395754,0.8886124996856173,0.01853867634585069,-0.11401606482453394,0.04692775853377083,0.05546276368042043,0.8897596528746274,0.11197875027139288,0.04751585183023603
0.17224063045672902,0.8881267745672543,0.01873971298703674,-0.1148842019604978,0.04781265078141335,0.05653958367981618,0.8892782469778204,0.11249111704235483,0.04804151848059013
0.17291608390950053,0.8876373581362894,0.018944519939408013,-0.11575560812039723,0.04870453354462022,0.0576267974862123,0.8887932811347248,0.11300787723716943,0.048572054984944144
0.173591537362272,0.8871442365333924,0.019153126898703306,-0.11663027653634825,0.04960341998839163,0.05872447175349313,0.8883047450079952,0.11352905767658973,0.04910748539017401
0.1742669908150435,0.8866473959276913,0.019365563616172362,-0.11750820056633283,0.050509323106987115,0.05983267366226806,0.8878126283777215,0.114054685355647,0.0496478340039994
0.17494244426781497,0.8861468225162209,0.019581859897838047,-0.11838937370265036,0.051422255716647866,0.06095147091846537,0.8873169211426176,0.11458478744393782,0.05019312539012804
0.17561789772058645,0.8856425025233386,0.019802045603728103,-0.11927378957809809,0.052342230450893146,0.06208093175479962,0.8868176133211996,0.1151193912858788,0.050743384363494556
0.17629335117335795,0.8851344222001126,0.020026150647091786,-0.12016144197379452,0.05326925975550461,0.0632211249319618,0.886314695052962,0.11565852440092693,0.05129863598559588
0.17696880462612943,0.8846225678236761,0.020254204993586142,-0.12105232482631119,0.054203355881552756,0.06437211973761311,0.8858081565995451,0.11620221448376966,0.051858905559922744
0.1776442580789009,0.8841069256965539,0.02048623866044354,-0.12194643223442612,0.05514453088195497,0.06553398598938744,0.8852979883458979,0.11675048940448067,0.052424218627486446
0.1783197115316724,0.8835874821459572,0.020722281715614056,-0.12284375846727195,0.056092796603660545,0.06670679403302263,0.8847841808014358,0.11730337720864475,0.052994600962441414
0.17899516498444387,0.8830642235230464,0.020962364276882646,-0.1237442979704458,0.05704816468399861,0.0678906147451732,0.8842667246011915,0.11786090611745169,0.05357007856780304
0.17967061843721538,0.8825371362021656,0.021206516510966642,-0.12464804537434684,0.05801064654377197,0.06908551953263568,0.8837456105069622,0.11842310452775776,0.054150677671259945
0.18034607188998686,0.8820062065800444,0.021454768632583665,-0.1255549955004528,0.05898025338205253,0.07029158033347319,0.8832208294084511,0.11899000101211693,0.054736424721079036
0.18102152534275834,0.8814714210749708,0.021707150903501584,-0.12646514336916784,0.05995699617096941,0.07150886961820777,0.8826923723244056,0.11956162431878097,0.0553273463821043
0.18169697879552982,0.880932766125931,0.02196369363155925,-0.12737848420697154,0.060940885648865045,0.07273746038917538,0.8821602304037478,0.12013800337167056,0.05592346953184777
0.18237243224830135,0.880390228191721,0.022224427169666362,-0.12829501345328828,0.061931932316153765,0.07397742618296763,0.8816243949267059,0.12071916727031458,0.05652482125666994
0.18304788570107283,0.8798437937500257,0.022489381914778058,-0.1292147267684284,0.06293014642795068,0.07522884106927344,0.881084857305936,0.12130514528976151,0.05713142884805157
0.1837233391538443,0.879293449296468,0.022758588306843994,-0.1301376200398926,0.0639355379897496,0.07649177965316382,0.8805416090876447,0.12189596688046088,0.05774331979895295
0.1843987926066158,0.8787391813436274,0.02303207682773601,-0.13106368939065405,0.06494811675072071,0.07776631707476482,0.8799946419527058,0.12249166166811544,0.05836052180026072
0.1850742460593873,0.8781809764200265,0.023309878000147156,-0.13199293118544503,0.06596789219824147,0.07905252901030287,0.8794439477177737,0.12309225945350628,0.058983062737321165
0.18574969951215878,0.8776188210690896,0.02359202238647062,-0.13292534203860226,0.06699487355247029,0.0803504916732778,0.8788895183363961,0.12369779021228737,0.05961097068655683
0.18642515296493026,0.8770527018480668,0.023878540587650234,-0.13386091882115636,0.06802906975964591,0.08166028181419516,0.87833134590012,0.12430828409475582,0.06024427391216864
0.18710060641770174,0.8764826053269315,0.02416946324200879,-0.13479965866777907,0.06907048948746158,0.08298197672268666,0.8777694226395996,0.12492377142559051,0.06088300086291657
0.18777605987047322,0.8759085180872431,0.02446482102405087,-0.13574155898463877,0.07011914111796401,0.08431565422687258,0.8772037409256983,0.12554428270356788,0.061527180168984126
0.18845151332324472,0.875330426720983,0.02476464464323992,-0.1366866174556958,0.0711750327428275,0.08566139269541244,0.8766342932705906,0.1261698486012477,0.06217684063891841
0.1891269667760162,0.8747483178293572,0.025068964842752915,-0.1376348320509644,0.072238172156741,0.08701927103749907,0.8760610723288621,0.12680049996463463,0.06283201125664965
0.18980242022878768,0.8741621780215691,0.025377812398206818,-0.13858620103277783,0.07330856685178362,0.08838936870394717,0.8754840708986071,0.12743626781281298,0.06349272117858518
0.19047787368155916,0.8735719939135626,0.025691218116363636,-0.13954072296363465,0.07438622401185199,0.08977176568842521,0.874903281922526,0.1280771833375559,0.06415899973077789
0.19115332713433064,0.8729777521267327,0.026009212833807437,-0.14049839671311454,0.07547115050601398,0.09116654252746094,0.8743186984890209,0.12872327790291024,0.06483087640616739
0.19182878058710215,0.8723794392866085,0.02633182741559837,-0.14145922146496176,0.07656335288362155,0.09257378030249568,0.873730313833291,0.12937458304475474,0.06550838086189101
0.19250423403987363,0.8717770420215024,0.026659092753901003,-0.1424231967247751,0.07766283736730606,0.0939935606395689,0.8731381213384275,0.13003113047033651,0.06619154291666626
0.1931796874926451,0.8711705469611314,0.02699103976658663,-0.14339032232625784,0.07876960984802038,0.09542596571132687,0.8725421145365077,0.13069295205778064,0.06688039254823798
0.1938551409454166,0.8705599407352073,0.027327699395812657,-0.14436059843950363,0.07988367587847954,0.09687107823730098,0.8719422871096907,0.13136007985557763,0.06757495989089395
0.19453059439818807,0.8699452099719952,0.027669102606573688,-0.1453340255770802,0.08100504066735954,0.09832898148500778,0.8713386328913109,0.1320325460820478,0.06827527523304419
0.19520604785095957,0.8693263412968446,0.028015280385230632,-0.14631060460195852,0.08213370907371279,0.09979975927139571,0.8707311458669751,0.13271038312478117,0.06898136901486232
0.19588150130373108,0.8687033213306864,0.028366263738011793,-0.1472903367342375,0.08326968560021292,0.10128349596293651,0.8701198201756578,0.13339362354005674,0.06969327182598992
0.19655695475650256,0.8680761366885039,0.02872208368949015,-0.14827322355815756,0.08441297438820027,0.10278027647782559,0.8695046501108007,0.13408230005223673,0.0704110144032977
0.19723240820927407,0.8674447739777699,0.02908277128103528,-0.14925926702981995,0.0855635792106395,0.1042901862858424,0.8688856301214095,0.13477644555314222,0.07113462762870816
0.19790786166204555,0.8668092197968562,0.029448357569238262,-0.15024846948325243,0.08672150346697943,0.10581331141036529,0.8682627548131572,0.13547609310140393,0.0718641425270713
0.19858331511481703,0.8661694607334122,0.029818873624313822,-0.15124083363865212,0.08788675017668003,0.10734973842896944,0.8676360189494856,0.13618127592179424,0.07259959026409782
0.1992587685675885,0.8655254833627127,0.030194350528473607,-0.15223636260833176,0.08905932197314352,0.10889955447442987,0.8670054174527112,0.13689202740453674,0.073341002144344
0.19993422202036,0.8648772742459783,0.030574819374277105,-0.15323505990461192,0.09023922109822205,0.11046284723649843,0.8663709454051332,0.1376083811045954,0.07408840960924863
0.2006096754731315,0.864224819928662,0.03096031126295446,-0.15423692944641357,0.09142644939521326,0.11203970496191516,0.8657325980501434,0.1383303707409446,0.07484184423522125
0.20128512892590297,0.8635681069387109,0.03135085730270458,-0.15524197556616534,0.09262100830393395,0.11363021645686072,0.8650903707933423,0.13905803019581656,0.07560133773177627
0.20196058237867445,0.8629071217847932,0.03174648860696821,-0.1562502030174462,0.09382289885357525,0.11523447108690976,0.8644442592036538,0.13979139351393297,0.07636692193971856
0.20263603583144593,0.8622418509545001,0.03214723629267273,-0.1572616169807692,0.0950321216573039,0.11685255877895212,0.8637942590144487,0.14053049490171263,0.07713862882936952
0.2033114892842174,0.8615722809125151,0.03255313147845459,-0.15827622307202435,0.09624867690601693,0.11848457002228026,0.8631403661246695,0.1412753687264636,0.07791649049884161
0.20398694273698892,0.8608983980987546,0.03296420528285189,-0.159294027347896,0.09747256436171751,0.12013059586913678,0.862482576599959,0.14202604951555536,0.07870053917235356
0.2046623961897604,0.8602201889264809,0.033380488822474075,-0.16031503631400038,0.09870378335235973,0.12179072793711186,0.861820886673797,0.14278257195557073,0.0794908071985859
0.20533784964253188,0.8595376397803821,0.033802013210143755,-0.16133925693108556,0.09994233276436264,0.12346505840878398,0.8611552927486363,0.1435449708914436,0.08028732704907991
0.20601330309530333,0.8588507370146283,0.03422880955301196,-0.16236669662182776,0.10118821103774,0.12515368003444788,0.8604857913970518,0.14431328132557267,0.08109013131666916
0.2066887565480748,0.8581594669508927,0.034660908950649535,-0.16339736327848264,0.10244141615887394,0.12685668613217907,0.8598123793628863,0.14508753841692404,0.08189925271395464
0.2073642100008463,0.8574638158763491,0.035098342493107816,-0.16443126526826335,0.10370194565465857,0.12857417058940948,0.85913505356241,0.14586777748010996,0.082714724071809
0.2080396634536178,0.8567637700416371,0.03554114125895785,-0.16546841144187094,0.10496979658663406,0.13030622786467036,0.8584538110854816,0.14665403398445492,0.08353657833792008
0.20871511690638928,0.8560593156587989,0.03598933631329829,-0.16650881113852703,0.10624496554356573,0.13205295298738667,0.8577686491967166,0.14744634355304295,0.08436484857536478
0.20939057035916078,0.8553504388991908,0.0364429587057396,-0.16755247419408784,0.10752744863671133,0.13381444156097577,0.8570795653366647,0.1482447419617459,0.08519956796121335
0.2100660238119323,0.8546371258913605,0.03690203946836062,-0.16859941094701675,0.10881724149174864,0.13559078976197986,0.8563865571229914,0.14904926513823985,0.08604076978516795
0.21074147726470377,0.8539193627189023,0.037366609613636186,-0.16964963224486193,0.11011433924384105,0.13738209434290444,0.855689622351669,0.14985994916099887,0.08688848744822388
0.21141693071747525,0.8531971354182784,0.03783670013234195,-0.1707031494519723,0.11141873653043198,0.13918845263249865,0.8549887589981747,0.15067683025827874,0.08774275446136535
0.21209238417024673,0.8524704299766162,0.03831234199142596,-0.1717599744543864,0.11273042748463594,0.1410099625366092,0.8542839652186971,0.15149994480707865,0.08860360444428089
0.2127678376230182,0.8517392323294763,0.03879356613185882,-0.1728201196684374,0.11404940572991935,0.14284672254076133,0.8535752393513517,0.15232932933209065,0.0894710711241082
0.21344329107578972,0.851003528358591,0.03928040346645166,-0.17388359804528364,0.1153756643716369,0.14469883170887068,0.8528625799174019,0.15316502050463285,0.09034518833420185
0.2141187445285612,0.8502633038895792,0.03977288487764819,-0.17495042307897785,0.11670919599272725,0.1465663896870331,0.8521459856224959,0.1540070551415632,0.09122599001292044
0.21479419798133267,0.8495185446896275,0.040271041215290355,-0.176020608812221,0.11804999264501655,0.14844949670207133,0.8514254553579039,0.15485547020418444,0.09211351020244135
0.21546965143410415,0.8487692364651526,0.040774903294350955,-0.1770941698423793,0.11939804584397905,0.15034825356416306,0.8507009882017754,0.15571030279712425,0.09300778304758658
0.21614510488687563,0.8480153648594267,0.0412845018926453,-0.1781711213293337,0.12075334656172895,0.15226276166752384,0.849972583420396,0.15657159016721006,0.09390884279467791
0.21682055833964714,0.8472569154501847,0.04179986774850615,-0.17925147899961005,0.12211588521929545,0.15419312299005122,0.8492402404694639,0.15743936970231934,0.09481672379039985
0.21749601179241862,0.8464938737471984,0.042321031558437014,-0.18033525915522977,0.12348565168199586,0.15613944009690234,0.8485039589953708,0.15831367893022047,0.09573146048068602
0.2181714652451901,0.8457262251898263,0.04284802397473237,-0.18142247867761205,0.12486263524970846,0.1581018161378027,0.8477637388364958,0.15919455551739703,0.09665308740961895
0.21884691869796158,0.8449539551445394,0.043380875603068705,-0.18251315503542387,0.12624682465290393,0.16008035485137811,0.8470195800245145,0.16008203726785275,0.09758163921834016
0.21952237215073306,0.8441770489024143,0.04391961700007067,-0.1836073062902422,0.12763820804338094,0.16207516056313967,0.8462714827857122,0.1609761621219095,0.09851715064398213
0.22019782560350457,0.8433954916766081,0.04446427867083933,-0.1847049511018959,0.12903677298835897,0.1640863381874119,0.8455194475423168,0.1618769681549798,0.09945965651860104
0.22087327905627605,0.8426092685998005,0.045014891066460914,-0.18580610873651254,0.13044250646388975,0.166113993228645,0.8447634749138391,0.16278449357633398,0.10040919176813148
0.22154873250904752,0.8418183647216145,0.04557148458147528,-0.1869107990696949,0.13185539484564035,0.16815823177932337,0.8440035657184286,0.16369877672784436,0.10136579141134207
0.222224185961819,0.8410227650060115,0.04613408955132133,-0.18801904259561883,0.13327542390500743,0.17021916052456257,0.843239720974242,0.1646198560827176,0.10232949055880418
0.22289963941459054,0.8402224543286564,0.04670273624974915,-0.1891308604302973,0.1347025787980286,0.1722968867378212,0.8424719419008231,0.1655477702442138,0.10330032441186993
0.22357509286736202,0.8394174174742668,0.047277454886197966,-0.19024627431903754,0.13613684406148818,0.17439151828540342,0.8417002299205014,0.16648255794434233,0.10427832826164864
0.2242505463201335,0.8386076391339259,0.0478582756031515,-0.19136530664203752,0.13757820360325548,0.17650316362401955,0.8409245866597976,0.16742425804255434,0.10526353748800196
0.22492599977290498,0.837793103902382,0.04844522847344931,-0.1924879804188475,0.13902664069525286,0.17863193180137968,0.8401450139508524,0.1683729095244062,0.1062559875585283
0.22560145322567648,0.8369737962753158,0.04903834349757962,-0.19361431931663878,0.14048213796751263,0.18077793245835166,0.839361513832862,0.16932855150021853,0.1072557140275641
0.22627690667844796,0.8361497006465871,0.04963765060092854,-0.19474434765242254,0.14194467739711578,0.18294127582461217,0.8385740885535343,0.1702912232037123,0.1082627525351783
0.22695236013121944,0.8353208013054589,0.050243179631003276,-0.19587809040220192,0.14341424030500682,0.18512207272414727,0.8377827405705599,0.171260963990631,0.10927713880617156
0.22762781358399092,0.834487082433793,0.050854960354622405,-0.19701557320349478,0.14489080734353,0.18732043456923986,0.836987472553095,0.1722378133373503,0.11029890864907915
0.2283032670367624,0.8336485281032304,0.05147302245506586,-0.19815682236235815,0.14637435849223437,0.18953647336461146,0.8361882873832682,0.17322181083946211,0.11132809795516323
0.2289787204895339,0.8328051222723389,0.05209739552920402,-0.19930186485894572,0.14786487304805296,0.1917703017047555,0.8353851881576949,0.17421299621035588,0.11236474269741853
0.2296541739423054,0.8319568487837486,0.0527281090845767,-0.20045072835077557,0.14936232961663834,0.19402203277245236,0.8345781781890176,0.17521140927976786,0.11340887892955809
0.23032962739507687,0.8311036913612565,0.05336519253645344,-0.20160344118141893,0.1508667061072745,0.19629178034196154,0.8337672610074569,0.17621708999232658,0.11446054278501062
0.23100508084784835,0.8302456336069131,0.05400867520484711,-0.2027600323813783,0.15237797971964506,0.1985796587718586,0.832952440362383,0.17723007840607377,0.11551977047590412
0.23168053430061983,0.8293826589980892,0.054658586311497,-0.20392053167735577,0.1538961269412344,0.20088578301122156,0.8321337202239075,0.17825041469096795,0.11658659829204449
0.23235598775339134,0.8285147508845142,0.055314954976819916,-0.2050849694940196,0.15542112353354712,0.20321026859182498,0.8313111047844868,0.17927813912737794,0.11766106259989578
0.23303144120616281,0.8276418924853054,0.05597781021681331,-0.2062533769602681,0.156952944527142,0.2055532316312123,0.8304845984605551,0.18031329210454383,0.1187431998415368
0.2337068946589343,0.8267640668859613,0.05664718093993936,-0.20742578591492347,0.1584915642119435,0.20791478883004924,0.8296542058941634,0.18135591411903926,0.11983304653363062
0.23438234811170577,0.8258812570353502,0.05732309594395225,-0.20860222890841185,0.1600369561264185,0.2102950574677322,0.8288199319546516,0.18240604577319466,0.12093063926636212
0.23505780156447725,0.8249934457426676,0.05800558391270522,-0.20978273921205756,0.16158909305347613,0.21269415540668657,0.8279817817403295,0.18346372777351797,0.12203601470238316
0.2357332550172488,0.8241006156743783,0.05869467341290881,-0.2109673508173137,0.16314794700487095,0.21511220108194398,0.827139760580184,0.18452900092908836,0.12314920957573745
0.23640870847002027,0.823202749351143,0.05939039289085161,-0.21215609844502248,0.16471348921889256,0.21754931350752146,0.8262938740356076,0.1856019061499274,0.12427026069077021
0.23708416192279175,0.8222998291447158,0.06009277066909139,-0.2133490175466921,0.16628569014566602,0.2200056122671499,0.8254441279021403,0.18668248444536337,0.12539920492103884
0.23775961537556325,0.8213918372748378,0.06080183494308996,-0.2145461443092361,0.16786451944041167,0.22248121751482933,0.8245905282112455,0.18777077692235597,0.12653607920818788
0.23843506882833473,0.8204787558061009,0.061517613777823374,-0.21574751566046993,0.16944994595355273,0.22497624997160737,0.823733081232096,0.18886682478381706,0.1276809205608276
0.2391105222811062,0.819560566644799,0.06224013510434315,-0.2169531692718488,0.17104193772107293,0.2274908309223505,0.8228717934733875,0.18997066932690207,0.12883376605338728
0.2397859757338777,0.8186372515357635,0.06296942671629926,-0.21816314356251118,0.17264046195399443,0.23002508221149534,0.8220066716851747,0.1910823519412809,0.12999465282495282
0.24046142918664917,0.8177087920591792,0.0637055162664185,-0.2193774777040935,0.17424548502959777,0.23257912624091684,0.8211377228607281,0.19220191410738702,0.1311636180780862
0.24113688263942068,0.816775169627386,0.06444843126294546,-0.2205962116229496,0.1758569724805044,0.23515308596488946,0.820264954238415,0.1933293973946456,0.1323406990776287
0.24181233609219216,0.8158363654816668,0.06519819906603316,-0.22181938600499299,0.17747488898430905,0.23774708488587376,0.8193883733036056,0.19446484345967346,0.13352593314947708
0.24248778954496364,0.8148923606890157,0.06595484688409747,-0.22304704229858396,0.17909919835459295,0.24036124705172063,0.8185079877905996,0.1956082940444623,0.13471935767934815
0.24316324299773512,0.813943136138897,0.06671840177012299,-0.2242792227178677,0.18072986352848255,0.24299569704861806,0.8176238056845798,0.1967597909745321,0.13592101011151375
0.24383869645050657,0.8129886725399869,0.06748889061792335,-0.22551597024608502,0.18236684655746502,0.24565055999790364,0.8167358352235895,0.19791937615706195,0.1371309279475161
0.24451414990327805,0.8120289504169032,0.06826634015836021,-0.2267573286387133,0.18401010859612238,0.24832596155022577,0.8158440849005341,0.19908709157899576,0.13834914874485965
0.24518960335604956,0.8110639501069216,0.06905077695551078,-0.2280033424262477,0.18565960989060498,0.2510220278792354,0.8149485634652083,0.20026297930512152,0.13957571011567652
0.24586505680882104,0.8100936517566815,0.06984222740279265,-0.22925405691706316,0.18731530976878363,0.2537388856772252,0.814049279926351,0.20144708147612295,0.1408106497253664
0.24654051026159252,0.8091180353188772,0.07064071771903908,-0.2305095182002498,0.188977166627326,0.2564766621468813,0.8131462435537221,0.20263944030660666,0.14205400529121157
0.247215963714364,0.8081370805489407,0.0714462739445255,-0.23176977314770983,0.19064513792182697,0.2592354849965665,0.8122394638802086,0.20384009808309847,0.1433058145809613
0.24789141716713547,0.8071507670017135,0.07225892193694974,-0.23303486941707205,0.1923191801540229,0.2620154824319833,0.811328950703957,0.2050490971620135,0.14456611541139006
0.24856687061990698,0.8061590740281079,0.07307868736735822,-0.23430485545329677,0.19399924886049572,0.2648167831493766,0.8104147140905317,0.20626647996759495,0.14583494564682345
0.24924232407267846,0.8051619807717607,0.0739055957160268,-0.2355797804912483,0.1956852986009428,0.2676395163281614,0.8094967643751014,0.207492288989825,0.14711234319763591
0.24991777752544997,0.8041594661656766,0.0747396722682857,-0.23685969455721753,0.197377282945056,0.27048381162156326,0.8085751121646527,0.20872656678230406,0.14839834601871513
0.25059323097822145,0.8031515089288666,0.07558094211029585,-0.23814464847076067,0.19907515446175605,0.2733497991500268,0.8076497683402326,0.20996935596009783,0.14969299210789344
0.25126868443099293,0.802138087562977,0.07642943012477148,-0.23943469384634822,0.20077886470487044,0.2762376094900468,0.8067207440592176,0.21122069919755412,0.15099631950434714
0.2519441378837644,0.8011191803489139,0.07728516098664766,-0.24072988309435667,0.20248836420207955,0.2791473736667674,0.805788050757613,0.21248063922608476,0.15230836628695862
0.25261959133653594,0.8000947653434616,0.07814815915869752,-0.24203026942281222,0.20420360244099264,0.2820792231429375,0.8048517001523805,0.21374921883191556,0.1536291705726455
0.2532950447893074,0.7990648203758964,0.079018448887089,-0.24333590683770723,0.20592452785634924,0.2850332898088805,0.8039117042437947,0.21502648085379966,0.15495877051464949
0.2539704982420789,0.7980293230445976,0.07989605419689152,-0.24464685014446358,0.20765108781729785,0.28800970597249015,0.8029680753178301,0.21631246818069738,0.1562972043007906
0.2546459516948504,0.7969882507136534,0.08078099888752101,-0.24596315494798046,0.20938322861264472,0.2910086043463168,0.8020208259485763,0.21760722374941913,0.1576445101516806
0.25532140514762186,0.7959415805094674,0.08167330652813054,-0.24728487765330673,0.2111208954390621,0.2940301180381662,0.8010699690006853,0.21891079054223025,0.15900072631889628
0.25599685860039334,0.7948892893173617,0.08257300045294219,-0.24861207546585576,0.21286403238525684,0.2970743805363903,0.8001155176318476,0.22022321158441965,0.16036589108311314
0.2566723120531648,0.793831353778181,0.0834801037565173,-0.24994480639108194,0.21461258241954334,0.3001415256990799,0.7991574852952998,0.22154452994182727,0.16174004275219453
0.2573477655059363,0.7927677502848969,0.08439463928897138,-0.25128312923467044,0.2163664873747383,0.3032316877397348,0.7981958857423632,0.22287478871833402,0.1631232196592405
0.2580232189587078,0.791698454979213,0.08531662965112213,-0.25262710360154683,0.21812568793365908,0.3063450012132504,0.7972307330250133,0.2242140310533086,0.16451546016058916
0.2586986724114793,0.7906234437481743,0.08624609718958182,-0.2539767898956923,0.21989012361537003,0.3094816010026597,0.7962620414984811,0.2255623001190142,0.16591680263377526
0.2593741258642508,0.789542692220778,0.08718306399178194,-0.25533224931869264,0.22165973275864506,0.3126416223019306,0.7952898258238857,0.2269196391179718,0.16732728547544054
0.2600495793170223,0.788456175764591,0.08812755188093706,-0.25669354386888643,0.22343445250902064,0.31582520060301494,0.7943141009709004,0.22828609128027857,0.16874694709919646
0.26072503276979375,0.7873638694823711,0.08907958241094455,-0.25806073633983867,0.22521421880139744,0.31903247167692006,0.7933348822204486,0.2296616998608839,0.1701758259334396
0.26140048622256523,0.7862657482086964,0.09003917686121554,-0.259433890318362,0.22699896634609706,0.3222635715586943,0.7923521851674348,0.23104650813681604,0.17161396041911417
0.2620759396753367,0.7851617865066014,0.09100635623144529,-0.26081307018316685,0.22878862861248403,0.3255186365291073,0.7913660257235063,0.23244055940436562,0.17306138900742724
0.2627513931281082,0.7840519586642226,0.09198114123630959,-0.2621983411017361,0.23058313781263629,0.3287978030957632,0.7903764201198497,0.23384389697621763,0.1745181501575076
0.2634268465808797,0.782936238691455,0.0929635523000995,-0.26358976902872683,0.2323824248865058,0.3321012079759293,0.7893833849100192,0.235256564178536,0.175984282334014
0.2641023000336512,0.7818146003166176,0.09395360955128218,-0.2649874207023579,0.2341864194834811,0.3354289880741493,0.7883869369727986,0.236678604347998,0.1774598240046878
0.2647777534864227,0.7806870169831348,0.09495133281699386,-0.26639136364182936,0.2359950499481688,0.33878128046490397,0.7873870935150975,0.23811006082877545,0.17894481363784837
0.26545320693919416,0.779553461846228,0.09595674161746315,-0.2678016661437743,0.237808243301411,0.34215822236870436,0.7863838720748803,0.23955097696946603,0.18043928969983475
0.26612866039196564,0.7784139077696255,0.09696985516035779,-0.2692183972782071,0.2396259252246688,0.34555995113189986,0.7853772905241303,0.24100139611996702,0.18194329065238415
0.2668041138447371,0.7772683273222868,0.09799069233506551,-0.27064162688522997,0.24144802004233493,0.34898660420353733,0.7843673670718472,0.24246136162829815,0.18345685494995603
0.26747956729750866,0.7761166927751457,0.09901927170689342,-0.2720714255696558,0.2432744507035043,0.35243831911072426,0.7833541202670785,0.24393091683736412,0.18498002103699052
0.26815502075028014,0.774958976097873,0.1000556115111994,-0.27350786469740224,0.24510513876596626,0.35591523343659176,0.7823375690019868,0.2454101050816622,0.186512827345108
0.2688304742030516,0.7737951489556576,0.10109972964744336,-0.27495101638944214,0.24694000437583974,0.359417484791832,0.7813177325149493,0.24689896968393096,0.18805531229024472
0.2695059276558231,0.7726251827060138,0.10215164367316272,-0.2764009535170988,0.2487789662519728,0.3629452107919593,0.780294630393695,0.2483975539517358,0.18960751426972108
0.2701813811085946,0.7714490483956074,0.10321137079787311,-0.2778577496960645,0.2506219416653784,0.3664985490275158,0.779268282578473,0.2499059011739985,0.19116947165924922
0.27085683456136606,0.7702667167571119,0.1042789278768844,-0.27932147927997264,0.25246884642186906,0.37007763703768626,0.7782387093652602,0.25142405461745715,0.19274122280986591
0.27153228801413754,0.7690781582060876,0.10535433140504497,-0.2807922173547116,0.25431959484302163,0.373682612281332,0.7772059314089987,0.25295205752306893,0.19432280604480484
0.272207741466909,0.7678833428378912,0.10643759751039737,-0.2822700397302469,0.2561740997460286,0.37731361210555925,0.7761699697268726,0.25448995310234157,0.19591425965629192
0.2728831949196805,0.7666822404246154,0.10752874194775909,-0.28375502293478927,0.25803227242648996,0.3809707737178129,0.7751308457016182,0.2560377845336014,0.1975156219022734
0.273558648372452,0.7654748204120593,0.10862778009221713,-0.28524724420577224,0.25989402263612316,0.3846542341502707,0.7740885810848676,0.25759559495819245,0.19912693100307044
0.2742341018252235,0.7642610519167342,0.1097347269325389,-0.2867467814825395,0.26175925856570936,0.38836413023054406,0.7730431980005317,0.2591634274766034,0.20074822513795684
0.274909555277995,0.7630409037229022,0.11084959706450284,-0.2882537133977105,0.2636278868230348,0.39210059854505197,0.7719947189482123,0.2607413251445287,0.20237954244166678
0.27558500873076647,0.7618143442796554,0.11197240468413652,-0.28976811926747587,0.26549981241367415,0.3958637754050985,0.7709431668066558,0.26232933096884936,0.2040209210008181
0.276260462183538,0.7605813416980309,0.11310316358087723,-0.29129007908349613,0.2673749387207363,0.3996537968111808,0.7698885648372363,0.26392748790354814,0.20567239885026492
0.2769359156363095,0.7593418637481694,0.11424188713063645,-0.2928196735011979,0.2692531674827282,0.4034707984134228,0.7688309366874775,0.26553583884554127,0.20733401396936393
0.27761136908908096,0.7580958778565156,0.11538858828878329,-0.294356983831277,0.2711343987751988,0.4073149154766796,0.7677703063946075,0.2671544266304386,0.20900580427816337
0.27828682254185244,0.7568433511030636,0.11654327958303533,-0.29590209202723006,0.2730185309866103,0.41118628283663144,0.766706698389149,0.26878329402822304,0.21068780763350833
0.2789622759946239,0.7555842502186515,0.11770597310625815,-0.2974550806748775,0.2749054607998089,0.41508503486261217,0.7656401374985445,0.27042248373884725,0.21238006182505892
0.2796377294473954,0.7543185415823015,0.11887668050917954,-0.29901603298057305,0.2767950831685911,0.4190113054129944,0.7645706489508154,0.27207203838775473,0.21408260457122907
0.2803131829001669,0.7530461912186162,0.12005541299300349,-0.30058503275773024,0.27868729129666014,0.42296522779239804,0.7634982583782561,0.27373200052130925,0.2157954735150291
0.28098863635293836,0.7517671647952243,0.12124218130194077,-0.30216216441566296,0.2805819766162574,0.4269469347080263,0.7624229918211622,0.2754024126021471,0.21751870621982874
0.28166408980570984,0.7504814276202856,0.1224369957156378,-0.30374751294390206,0.28247902876415715,0.4309565582206892,0.7613448757315915,0.2770833170044371,0.21925234016502257
0.2823395432584813,0.7491889446400536,0.12363986604151642,-0.3053411639004397,0.2843783355622097,0.43499422970154017,0.7602639369771623,0.2787747560090537,0.22099641274160636
0.2830149967112528,0.747889680436496,0.12485080160701695,-0.30694320339524717,0.28627978299154244,0.4390600797785804,0.759180202844879,0.28047677179866365,0.22275096124766258
0.2836904501640243,0.7465835992249846,0.12606981125174244,-0.3085537180759693,0.28818325517265,0.4431542382901952,0.7580937010449986,0.28218940645271295,0.22451602288374314
0.28436590361679576,0.7452706648520437,0.12729690331951263,-0.31017279511248735,0.2900886343407645,0.44727683423124776,0.7570044597149229,0.283912701942331,0.22629163474816635
0.28504135706956724,0.7439508407931738,0.12853208565031102,-0.311800522178992,0.2919958008230477,0.45142799569985864,0.7559125074231292,0.2856467001251282,0.22807783383220334
0.2857168105223387,0.7426240901507403,0.12977536557214361,-0.3134369874392999,0.29390463301646036,0.45560784984464375,0.7548178731731291,0.2873914427399073,0.2298746570151759
0.2863922639751102,0.7412903756519396,0.13102674989278992,-0.31508227952632345,0.29581500736189614,0.45981652280457846,0.75372058640746,0.2891469714012688,0.23168214105944512
0.28706771742788173,0.7399496596468418,0.1322862448914593,-0.31673648752653133,0.2977267983238549,0.4640541396559977,0.7526206770117111,0.2909133275941182,0.23350032260529896
0.2877431708806532,0.7386019041065082,0.13355385631034622,-0.31839970095889525,0.29963987836330036,0.4683208243481801,0.7515181753185742,0.29269055266807464,0.23532923816573872
0.2884186243334247,0.7372470706211985,0.13482958934608025,-0.32007200975594424,0.3015541179165104,0.47261669964594366,0.750413112111933,0.29447868783176706,0.23716892412115018
0.28909407778619617,0.7358851203986541,0.13611344864108219,-0.32175350424418236,0.3034693853694558,0.47694188706493273,0.7493055186309725,0.29627777414703693,0.23901941671387908
0.28976953123896765,0.7345160142624776,0.13740543827480758,-0.3234442751207511,0.3053855470336489,0.48129650680654085,0.7481954265743282,0.29808785252302006,0.240880752042683
0.2904449846917392,0.7331397126505981,0.13870556175489812,-0.3251444134348051,0.3073024671233525,0.4856806776943689,0.7470828681042557,0.2999089637101308,0.24275296605708377
0.29112043814451066,0.731756175613832,0.14001382200822035,-0.32685401056131713,0.3092200077283248,0.49009451710151447,0.7459678758508319,0.30174114829392784,0.24463609455159907
0.29179589159728214,0.7303653628145446,0.141330221371806,-0.32857315818099003,0.3111380287928327,0.4945381408861228,0.7448504829161858,0.3035844466888678,0.24653017315986042
0.2924713450500536,0.7289672335254042,0.1426547615836877,-0.3303019482541117,0.3130563880875417,0.4990116633145387,0.7437307228787489,0.3054388991319509,0.24843523734862033
0.2931467985028251,0.7275617466282521,0.14398744377362474,-0.3320404729958864,0.3149749411875098,0.5035151969912781,0.7426086297975417,0.30730454567623655,0.2503513224116292
0.2938222519555966,0.7261488606130679,0.14532826845373312,-0.3337888248523231,0.31689354144592746,0.5080488527819523,0.7414842382164754,0.30918142618425665,0.2522784634634072
0.29449770540836806,0.7247285335770549,0.14667723550899867,-0.33554709647047765,0.3188120399690426,0.5126127397346121,0.7403575831686846,0.31106958032129384,0.2542166954328798
0.29517315886113954,0.7233007232238353,0.14803434418769576,-0.3373153806752824,0.3207302855931362,0.5172069650038544,0.7392287001808815,0.31296904754854726,0.2561660530569006
0.2958486123139111,0.7218653868627629,0.1493995930916916,-0.339093770436884,0.32264812485636496,0.5218316337638688,0.7380976252777295,0.3148798671161713,0.2581265708736448
0.29652406576668255,0.7204224814083636,0.15077298016664842,-0.3408823588450924,0.3245654019775151,0.5264868491307546,0.7369643949862461,0.316802078056184,0.26009828321587203
0.29719951921945403,0.7189719633798909,0.152154502692121,-0.34268123907747805,0.3264819588275195,0.5311727120717094,0.7358290463402152,0.3187357191752579,0.26208122420407076
0.2978749726722255,0.7175137889010241,0.15354415727154147,-0.34449050436827244,0.32839763490701235,0.5358893213205395,0.7346916168846317,0.3206808290473663,0.26407542773945736
0.298550426124997,0.7160479136996857,0.15494193982210835,-0.34631024797868115,0.33031226732007757,0.5406367732866214,0.7335521446801511,0.3226374460063153,0.2660809274968604
0.29922587957776847,0.7145742931080079,0.15634784556455744,-0.3481405631600806,0.33222569074882263,0.545415161960944,0.7324106683075677,0.3246056081381253,0.26809775691745436
0.29990133303053995,0.7130928820624339,0.15776186901283823,-0.34998154312535723,0.3341377374306473,0.5502245788260718,0.7312672268723024,0.3265853532732898,0.27012594920137
0.30057678648331143,0.7116036351039638,0.1591840039636761,-0.3518332810090502,0.3360482371299122,0.5550651127533284,0.7301218600089038,0.3285767189788918,0.2721655373001629
0.3012522399360829,0.7101065063785582,0.1606142434860331,-0.35369586983540385,0.3379570171170783,0.5599368499101313,0.7289746078855712,0.33057974255057726,0.2742165539091384
0.3019276933888544,0.7086014496376821,0.1620525799104651,-0.35556940248009183,0.3398639021404677,0.5648398736534606,0.7278255112086762,0.332594461004399,0.2762790314595482
0.3026031468416259,0.7070884182390235,0.16349900481836785,-0.35745397163133036,0.3417687144042199,0.569774264429167,0.7266746112273093,0.33462091106850145,0.27835300211062725
0.3032786002943974,0.7055673651473586,0.16495350903112962,-0.35934966975437027,0.3436712735427658,0.5747400996654146,0.7255219497378216,0.33665912917467866,0.2804384977415056
0.3039540537471689,0.704038242935597,0.16641608259916776,-0.36125658904637953,0.34557139659582226,0.5797374536615088,0.7243675690883854,0.33870915144976943,0.282535549942957
0.3046295071999404,0.702501003785992,0.1678867147908746,-0.3631748214015787,0.34746889798676994,0.5847663974820991,0.7232115121835537,0.34077101370691504,0.2846441900090122
0.3053049606527119,0.700955599491525,0.1693653940814529,-0.36510445836336114,0.34936358949506635,0.5898269988368496,0.7220538224888218,0.34284475143666543,0.2867644489284206
0.3059804141054834,0.6994019814574831,0.17085210814165339,-0.3670455910849213,0.35125528023662966,0.5949193219710214,0.7208945440352019,0.3449303997979236,0.28889635737595265
0.30665586755825486,0.6978401007032039,0.17234684382641505,-0.3689983102839375,0.3531437766367588,0.6000434275416114,0.7197337214237819,0.3470279936087554,0.29103994570356745
0.30733132101102634,0.6962699078640321,0.17384958716339866,-0.37096270619479876,0.35502888240949665,0.6051993724987206,0.7185713998302997,0.3491375673370201,0.2931952439314048
0.3080067744637978,0.6946913531934532,0.17536032334143403,-0.3729388685266591,0.356910398533791,0.6103872099619335,0.7174076250096988,0.3512591550908675,0.29536228173864343
0.3086822279165693,0.6931043865654407,0.17687903669885813,-0.3749268864089176,0.35878812323005127,0.6156069890902947,0.7162424433006876,0.3533927906090577,0.29754108845418525
0.3093576813693408,0.6915089574770059,0.17840571071176967,-0.37692684834933715,0.3606618519406129,0.6208587549590954,0.7150759016302909,0.35553850725112957,0.29973169304719005
0.31003313482211226,0.6899050150509511,0.17994032798218237,-0.37893884217742196,0.3625313773040675,0.6261425484205282,0.7139080475183801,0.3576963379874099,0.3019341241174524
0.31070858827488373,0.6882925080388572,0.1814828702260893,-0.3809629549965156,0.36439648913811445,0.631458405975982,0.7127389290822117,0.3598663153888449,0.3041484098856043
0.31138404172765527,0.6866713848242684,0.18303331826144015,-0.38299927313072574,0.3662569744147092,0.6368063596332283,0.7115685950409256,0.36204847161668846,0.30637457818317676
0.31205949518042675,0.68504159342613,0.18459165199602223,-0.38504788206736285,0.3681126172422731,0.6421864367685464,0.7103970947200509,0.3642428384119979,0.3086126564424714
0.31273494863319823,0.683403081502437,0.18615785041526775,-0.3871088664078007,0.36996319884468626,0.6475986599845255,0.7092244780559724,0.36644944708498656,0.31086267168629195
0.3134104020859697,0.6817557963541337,0.18773189156996337,-0.38918230980260915,0.371808497540869,0.6530430469598266,0.7080507956003858,0.3686683285041878,0.31312465051749
0.3140858555387412,0.6800996849292557,0.1893137525638912,-0.39126829490175474,0.37364828872864847,0.6585196103071669,0.7068760985247274,0.37089951308545654,0.31539861910835254
0.31476130899151267,0.6784346938273101,0.19090340954138169,-0.39336690328864277,0.375482344862452,0.6640283574137181,0.7057004386245648,0.3731430307808023,0.31768460318982256
0.31543676244428415,0.6767607693039329,0.19250083767479384,-0.3954782154227256,0.37731043544019766,0.6695692902939425,0.704523868323977,0.37539891106703344,0.31998262804053607
0.3161122158970556,0.6750778572757787,0.1941060111519246,-0.39760231057784123,0.37913232698203697,0.6751424054264475,0.7033464406798757,0.3776671829342503,0.3222927184757104
0.31678766934982716,0.6733859033257057,0.19571890316333945,-0.3997392667741375,0.38094778301723664,0.6807476935960329,0.7021682093863142,0.379947874874135,0.3246148988358344
0.31746312280259864,0.671684852708211,0.19733948588964778,-0.4018891607209891,0.38275656406740727,0.6863851397316638,0.7009892287787373,0.3822410148680893,0.32694919297520925
0.3181385762553701,0.6699746503551552,0.19896773048870042,-0.40405206774106966,0.3845584276309596,0.692054722735186,0.6998095538381955,0.384546630375178,0.3292956242502999
0.31881402970814154,0.6682552408817755,0.20060360708273944,-0.40622806171175674,0.3863531281720691,0.6977564153195699,0.6986292401955191,0.38686474831989714,0.33165421550791535
0.319489483160913,0.6665265685929704,0.20224708474548192,-0.40841721498937833,0.3881404171034368,0.7034901838282085,0.6974483441354214,0.3891953950797727,0.33402498907322387
0.3201649366136845,0.6647885774899123,0.20389813148915345,-0.4106195983413248,0.38992004277924314,0.7092559880676688,0.6962669226005785,0.3915385964727557,0.3364079667375692
0.320840390066456,0.6630412112769263,0.2055567142514765,-0.4128352808754888,0.39169175047919397,0.7150537811235216,0.6950850331956178,0.3938943777444666,0.33880316974614083
0.32151584351922746,0.6612844133687116,0.20722279888260442,-0.4150643299607863,0.39345528240223954,0.7208835091818914,0.6939027341910744,0.3962627635552269,0.3412106187854363
0.322191296971999,0.6595181268978545,0.20889635013202895,-0.4173068111616705,0.3952103776558769,0.726745111347126,0.6927200845272633,0.39864377796693357,0.34363033397057186
0.3228667504247705,0.6577422947226716,0.21057733163543593,-0.4195627881506026,0.39695677224764747,0.7326385194491953,0.6915371438180867,0.4010374444297362,0.3460623348323996
0.32354220387754196,0.6559568594353896,0.21226570590154545,-0.42183232263993736,0.39869419908130715,0.7385636578619926,0.6903539723547795,0.403443785768531,0.3485066403044491
0.3242176573303135,0.654161763370634,0.21396143429891443,-0.42411547429615354,0.40042238794671714,0.7445204433014112,0.6891706311095513,0.4058628241692865,0.35096326870970335
0.32489311078308497,0.6523569486142947,0.21566447704272407,-0.42641230066064517,0.402141065521361,0.7505087846382623,0.6879871817391813,0.40829458116515804,0.3534322377471718
0.32556856423585645,0.6505423570126977,0.21737479318155564,-0.42872285707044167,0.4038499553618395,0.7565285826934245,0.6868036865884899,0.41073907762245504,0.3559135644783196
0.32624401768862793,0.6487179301821648,0.2190923405841458,-0.43104719656628643,0.4055487779067882,0.7625797300388709,0.6856202086937483,0.41319633372638886,0.35840726531328493
0.32691947114139946,0.6468836095189118,0.22081707592615504,-0.4333853698187332,0.40723725047458426,0.7686621107957076,0.6844368117859788,0.41566636896666515,0.36091335599694563
0.32759492459417094,0.6450393362093148,0.22254895467692018,-0.4357374250288653,0.4089150872644585,0.7747756004210241,0.6832535602941493,0.41814920212288,0.363431851594796
0.3282703780469424,0.6431850512405641,0.22428793108623532,-0.4381034078502506,0.41058199936263656,0.7809200655074081,0.6820705193482841,0.4206448512497326,0.36596276647864706
0.3289458314997139,0.6413206954116665,0.22603395817113384,-0.4404833612932317,0.41223769474156624,0.7870953635604275,0.6808877547824302,0.42315333366207325,0.3685061143121664
0.3296212849524854,0.6394462093448703,0.22778698770270178,-0.4428773256337702,0.41388187827284206,0.7933013427928856,0.6797053331375476,0.42567466591974196,0.37106190803621786
0.33029673840525686,0.6375615334974416,0.22954697019292233,-0.44528533832586853,0.4155142517286606,0.7995378419007816,0.6785233216642393,0.42820886381226353,0.3736301598540613
0.33097219185802834,0.6356666081738712,0.2313138548815486,-0.4477074338972111,0.4171345137971412,0.8058046898458736,0.6773417883253858,0.430755942343329,0.376210881216347
0.3316476453107998,0.6337613735384646,0.23308758972303986,-0.450143643866757,0.4187423600909894,0.8121017056356264,0.6761608017986319,0.4333159157151276,0.37880408280596733
0.3323230987635713,0.6318457696283422,0.23486812137352944,-0.45259399663404243,0.4203374831610863,0.8184286980915099,0.674980431478731,0.43588879731249064,0.3814097745227249
0.33299855221634284,0.6299197363668737,0.2366553951778774,-0.4550585173911732,0.4219195725155356,0.8247854656319296,0.6738007474797701,0.4384745996868571,0.3840279654678331
0.3336740056691143,0.6279832135775005,0.23844935515677537,-0.45753722801746005,0.42348831463111625,0.8311717960314949,0.6726218206372081,0.44107333454008696,0.3866586639282665
0.3343494591218858,0.6260361409980266,0.24024994399394242,-0.4600301469772391,0.42504339298126703,0.8375874662003935,0.6714437225098003,0.4436850127080748,0.3893018773609228
0.3350249125746573,0.6240784582953005,0.24205710302340935,-0.46253728922409554,0.426584488049985,0.8440322419433041,0.6702665253813233,0.4463096441442319,0.39195761237665727
0.33570036602742875,0.6221101050803701,0.2438707722168909,-0.4650586660846007,0.4281112773629354,0.8505058777269209,0.6690903022621575,0.4489472379027684,0.3946258747241254
0.33637581948020023,0.6201310209240642,0.24569089017128665,-0.46759428516793977,0.4296234355102123,0.8570081164453968,0.6679151268906885,0.4515978021218395,0.3973066692734974
0.3370512729329717,0.6181411453730217,0.24751739409627374,-0.47014415024485523,0.43112063417564067,0.8635386891739639,0.6667410737345142,0.45426134400651963,0.4000000000000056
